,Date,Close,Open,High,Low
0,09/02/2025,96852.7,96218.7,97297.8,96369.0
1,08/02/2025,96623.3,95981.2,96862.8,95716.1
2,07/02/2025,96402.1,97460.6,96862.8,96237.1
3,06/02/2025,97467.5,97623.4,97872.2,96424.2
4,05/02/2025,97631.2,98042.5,97824.0,96510.6
5,04/02/2025,98213.4,100069.0,98890.5,97183.6
6,03/02/2025,100151.0,92749.8,101693.0,100151.0
7,02/02/2025,93027.2,99539.8,97686.0,91695.8
8,01/02/2025,100785.0,102142.0,102771.0,100748.0
9,31/01/2025,102381.0,104005.0,102771.0,102138.0
10,30/01/2025,104197.0,105498.0,105001.0,103959.0
11,29/01/2025,105361.0,102007.0,105364.0,103388.0
12,28/01/2025,102070.0,102920.0,102275.0,101342.0
13,27/01/2025,102979.0,100400.0,103362.0,101356.0
14,26/01/2025,100482.0,105153.0,103235.0,100447.0
15,25/01/2025,105214.0,104644.0,105400.0,104521.0
16,24/01/2025,104861.0,104657.0,105256.0,104390.0
17,23/01/2025,104563.0,102031.0,104719.0,102760.0
18,22/01/2025,102011.0,105580.0,103789.0,101597.0
19,21/01/2025,105559.0,102316.0,106266.0,105366.0
20,20/01/2025,102312.0,102228.0,103190.0,100193.0
21,19/01/2025,102381.0,104947.0,102733.0,99676.0
22,18/01/2025,104860.0,103581.0,105416.0,104014.0
23,17/01/2025,103429.0,101480.0,104661.0,102729.0
24,16/01/2025,101217.0,99604.9,102089.0,99956.2
25,15/01/2025,99589.9,97187.2,100812.0,99301.1
26,14/01/2025,97183.0,95120.1,97702.7,96501.9
27,13/01/2025,94984.1,94552.9,95268.4,94359.5
28,12/01/2025,94524.3,94583.6,95906.9,93902.2
29,11/01/2025,94609.7,94061.8,94694.4,94297.1
30,10/01/2025,93910.4,93771.0,94723.6,93847.8
31,09/01/2025,93724.0,94428.6,93857.3,92474.1
32,08/01/2025,94312.0,96276.6,95323.1,93527.7
33,07/01/2025,96207.2,101689.0,97266.4,96145.8
34,06/01/2025,101787.0,99469.9,102678.0,101548.0
35,05/01/2025,99318.1,98355.8,99425.4,97932.3
36,04/01/2025,98383.3,97993.8,98511.7,98048.2
37,03/01/2025,97948.5,96793.3,98297.5,97808.9
38,02/01/2025,96766.0,95664.6,97292.9,96647.7
39,01/01/2025,95886.0,93527.3,95962.4,94381.2
40,31/12/2024,93631.3,92429.3,94425.3,93470.0
41,30/12/2024,92408.6,93260.9,92863.2,92036.2
42,29/12/2024,93468.7,95157.9,94220.2,93360.1
43,28/12/2024,95097.0,94561.7,95315.4,94811.1
44,27/12/2024,94534.0,96395.4,94669.2,94124.7
45,26/12/2024,96343.7,98958.1,96553.8,95391.1
46,25/12/2024,98395.5,98019.1,99922.5,98324.0
47,24/12/2024,98263.5,94345.0,98839.7,97722.3
48,23/12/2024,94142.8,96014.2,94855.1,93566.2
49,22/12/2024,95836.2,96985.3,96487.5,93751.2
50,21/12/2024,96219.2,97585.2,97422.2,96194.9
51,20/12/2024,97570.7,97300.6,97809.8,97190.0
52,19/12/2024,97414.3,100651.0,97803.2,95995.2
53,18/12/2024,100811.0,103889.0,101269.0,98909.9
54,17/12/2024,103696.0,106504.0,106478.0,103605.0
55,16/12/2024,106484.0,104675.0,106961.0,105686.0
56,15/12/2024,104508.0,102358.0,106569.0,104296.0
57,14/12/2024,102202.0,101686.0,102834.0,101235.0
58,13/12/2024,101700.0,100003.0,102633.0,101150.0
59,12/12/2024,100051.0,100677.0,100351.0,99214.2
60,11/12/2024,100656.0,97543.2,101828.0,100345.0
61,10/12/2024,97560.2,97024.7,97622.7,95689.5
62,09/12/2024,96719.3,99417.2,98131.6,95587.8
63,08/12/2024,99736.0,99165.8,100317.0,99354.5
64,07/12/2024,99939.7,100412.0,100442.0,98969.0
65,06/12/2024,99566.7,97881.0,100442.0,99099.3
66,05/12/2024,97954.1,103316.0,98795.8,96452.0
67,04/12/2024,103127.0,95998.3,103719.0,97949.1
68,03/12/2024,95833.3,95918.8,96606.5,95344.2
69,02/12/2024,95942.4,96728.0,96228.7,95407.8
70,01/12/2024,96642.0,96486.5,98082.0,96137.3
71,30/11/2024,96403.9,96688.1,96667.5,95721.8
72,29/11/2024,96672.1,96258.8,97461.9,96371.5
73,28/11/2024,96407.6,95760.2,96825.4,95405.7
74,27/11/2024,95649.2,92538.4,96549.0,94867.1
75,26/11/2024,92549.2,94300.6,93179.1,91795.5
76,25/11/2024,94440.2,97814.6,94909.3,92827.3
77,24/11/2024,97706.5,98188.2,98051.9,96953.4
78,23/11/2024,98096.2,98622.3,98552.6,97644.0
79,22/11/2024,98429.4,98804.5,98927.2,98341.8
80,21/11/2024,98817.0,97487.4,99289.3,97868.9
81,20/11/2024,96865.2,92147.2,96904.8,94063.8
82,19/11/2024,92191.1,91506.8,92419.7,91517.4
83,18/11/2024,91376.0,90445.6,91805.7,90378.7
84,17/11/2024,90532.0,90384.4,90916.6,89674.2
85,16/11/2024,90469.5,91274.6,90883.9,89387.7
86,15/11/2024,91239.9,87443.8,91673.9,90863.5
87,14/11/2024,87221.6,90100.6,88463.7,87118.8
88,13/11/2024,90015.6,87216.0,90523.2,89375.1
89,12/11/2024,86313.8,88474.4,88533.4,86313.8
90,11/11/2024,88728.2,81468.0,89436.1,86742.6
91,10/11/2024,81361.7,79079.2,81792.4,80231.8
92,09/11/2024,76383.3,76371.8,76793.8,75732.5
93,08/11/2024,76369.6,75849.1,76629.3,76147.0
94,07/11/2024,75901.8,74730.5,76359.5,75599.0
95,06/11/2024,74675.1,74457.1,75995.3,74627.8
96,05/11/2024,74552.9,68335.7,74954.6,69323.0
97,04/11/2024,68346.0,69038.4,68489.7,67473.6
98,03/11/2024,69121.0,68378.6,69483.4,68257.5
99,02/11/2024,68423.0,69660.6,69383.6,67882.5
100,01/11/2024,69671.2,69557.6,69896.9,69478.7
101,31/10/2024,69369.8,72551.6,70445.2,68860.5
102,30/10/2024,72354.7,72339.2,72589.8,72043.8
103,29/10/2024,72233.8,71181.8,72772.6,72016.4
104,28/10/2024,70943.7,67724.5,71521.0,69753.2
105,27/10/2024,67706.1,67279.1,68102.9,67673.6
106,26/10/2024,67032.2,66690.8,67119.5,66924.6
107,25/10/2024,66884.2,67995.5,67007.0,66443.8
108,24/10/2024,68017.3,67216.5,68266.6,67832.2
109,23/10/2024,67266.7,67074.9,67588.0,66510.6
110,22/10/2024,67342.3,67494.0,67441.1,67134.3
111,21/10/2024,67362.9,68936.7,67684.0,66609.4
112,20/10/2024,68883.8,68187.5,69490.8,68599.2
113,19/10/2024,68165.6,68448.7,68444.7,67443.9
114,18/10/2024,68498.7,67555.8,68688.8,68306.6
115,17/10/2024,67633.2,67604.5,68201.3,67190.9
116,16/10/2024,67656.3,67096.7,67933.5,67416.8
117,15/10/2024,67171.2,65392.1,67557.2,66766.6
118,14/10/2024,65448.3,64277.3,66317.5,65379.0
119,13/10/2024,64052.6,62703.2,64186.6,62463.7
120,12/10/2024,62707.2,62565.8,63284.6,62680.0
121,11/10/2024,62538.0,60612.4,63037.9,62486.1
122,10/10/2024,60659.6,60857.1,60698.5,60080.6
123,09/10/2024,60888.8,62389.1,60947.5,60370.7
124,08/10/2024,62369.5,62624.1,62479.3,62010.1
125,07/10/2024,62596.4,63529.7,62802.0,62166.9
126,06/10/2024,63510.8,61886.2,63958.3,62670.2
127,05/10/2024,61920.9,61861.7,62145.7,61889.5
128,04/10/2024,61931.3,60950.6,62192.7,61705.7
129,03/10/2024,60970.0,61463.2,61269.6,60469.3
130,02/10/2024,61336.2,61748.2,61371.1,60544.0
131,01/10/2024,61774.4,63722.2,61877.5,60752.2
132,30/09/2024,63686.5,64546.9,63734.1,63007.7
133,29/09/2024,64520.2,65817.3,65607.0,64215.2
134,28/09/2024,65756.2,65989.0,65980.8,65654.8
135,27/09/2024,66069.1,65373.5,66232.5,65732.7
136,26/09/2024,65355.0,63502.3,65355.0,64839.2
137,25/09/2024,63503.9,64456.8,63537.2,62693.3
138,24/09/2024,64401.6,63125.5,64788.5,64018.9
139,23/09/2024,63130.0,64350.8,63394.4,62740.8
140,22/09/2024,64414.3,63108.5,64723.4,62650.0
141,21/09/2024,63084.3,62889.9,63441.2,62836.9
142,20/09/2024,62952.5,63705.7,63285.7,62829.2
143,19/09/2024,63563.7,62116.0,63563.7,62624.8
144,18/09/2024,62087.1,60513.2,62539.8,61596.5
145,17/09/2024,60579.3,58056.0,60755.0,59911.2
146,16/09/2024,58111.1,58576.1,58342.4,57630.2
147,15/09/2024,58562.0,60160.0,59204.3,58138.6
148,14/09/2024,60145.7,60295.0,60268.2,59994.1
149,13/09/2024,60350.7,58053.0,60609.4,60293.7
150,12/09/2024,57907.8,57946.6,58240.7,57882.8
151,11/09/2024,58259.2,56926.3,58445.7,57335.5
152,10/09/2024,56777.6,56777.3,57726.1,56704.8
153,09/09/2024,56595.3,55119.8,57059.9,56584.5
154,08/09/2024,55184.9,54340.2,55337.4,54740.2
155,07/09/2024,54179.0,52865.6,54819.2,53754.3
156,06/09/2024,53836.6,56593.9,54066.6,53754.3
157,05/09/2024,56680.2,57123.4,56844.8,55996.7
158,04/09/2024,57118.7,56653.4,58318.9,56956.4
159,03/09/2024,56734.5,59109.7,57929.8,55732.1
160,02/09/2024,59131.2,57757.5,59799.7,59046.8
161,01/09/2024,57647.0,58526.1,57736.6,57185.8
162,31/08/2024,58604.2,59237.3,59058.7,58289.1
163,30/08/2024,59254.6,59036.3,59447.0,59084.0
164,29/08/2024,59076.9,59143.5,59480.7,58923.6
165,28/08/2024,59192.7,62764.5,59649.3,58932.1
166,27/08/2024,59309.4,62920.6,59448.3,58932.1
167,26/08/2024,62960.0,64118.4,63201.4,62671.0
168,25/08/2024,64095.5,64108.3,64472.5,63812.9
169,24/08/2024,64210.3,63635.4,64458.9,63643.2
170,23/08/2024,63817.1,60597.0,64178.0,63643.2
171,22/08/2024,60581.8,60552.2,60922.2,60354.4
172,21/08/2024,60445.6,59299.9,61213.1,59815.8
173,20/08/2024,59233.1,60604.6,59512.4,58831.1
174,19/08/2024,60587.7,58743.2,60878.5,59382.1
175,18/08/2024,58731.8,59340.4,58760.8,58274.7
176,17/08/2024,59515.1,59154.9,60210.3,59395.3
177,16/08/2024,59041.2,57892.4,59387.4,58825.5
178,15/08/2024,57900.2,58443.1,58374.2,57129.1
179,14/08/2024,58475.9,60966.0,59047.2,58076.7
180,13/08/2024,61064.2,59030.1,61268.5,60437.2
181,12/08/2024,58960.6,58511.4,59908.7,58890.0
182,11/08/2024,58554.6,61097.5,59072.8,58283.4
183,10/08/2024,61116.2,60441.2,61361.6,60902.1
184,09/08/2024,60507.3,61365.8,61344.5,60322.5
185,08/08/2024,61285.7,57079.9,61712.3,60818.5
186,07/08/2024,57209.1,56883.1,57635.7,54786.9
187,06/08/2024,56789.1,55682.9,57260.5,55641.3
188,05/08/2024,55701.4,53942.4,56228.6,53998.2
189,04/08/2024,54162.3,60731.1,58291.4,52659.8
190,03/08/2024,60379.5,61989.0,62184.2,59914.6
191,02/08/2024,61813.9,64598.8,61847.5,60532.9
192,01/08/2024,64471.7,63941.2,65567.1,63697.1
193,31/07/2024,64036.6,66070.9,64827.6,63763.1
194,30/07/2024,66047.0,66609.6,66395.5,65912.2
195,29/07/2024,66545.2,69350.6,66868.2,65896.9
196,28/07/2024,69349.9,67945.1,69762.0,68178.7
197,27/07/2024,68039.2,67802.0,68279.0,67392.9
198,26/07/2024,67792.4,67049.9,68080.2,67647.0
199,25/07/2024,67092.0,64113.7,67438.5,65764.3
200,24/07/2024,63991.8,66054.4,65615.9,63914.4
201,23/07/2024,66054.5,67649.9,66105.3,65481.1
202,22/07/2024,67486.8,67051.3,68468.9,67484.7
203,21/07/2024,67923.6,67292.3,68468.9,67787.9
204,20/07/2024,67192.6,66583.4,67395.4,66977.0
205,19/07/2024,66670.6,63814.4,66825.6,66257.4
206,18/07/2024,64290.3,64700.2,64365.0,63326.1
207,17/07/2024,64919.9,65621.9,65040.1,63923.3
208,16/07/2024,65758.0,64762.8,66051.5,64975.5
209,15/07/2024,64773.5,62653.1,64953.4,64457.3
210,14/07/2024,62704.3,59483.5,62745.4,60678.8
211,13/07/2024,59388.6,57813.8,59837.8,59207.9
212,12/07/2024,57861.7,56918.0,57976.9,57770.6
213,11/07/2024,56919.7,57566.6,57563.2,56575.7
214,10/07/2024,57454.5,58181.8,58350.3,57095.0
215,09/07/2024,58151.0,57167.8,58152.7,57376.9
216,08/07/2024,57200.8,55174.9,57299.2,56306.3
217,07/07/2024,55155.5,57969.3,56017.0,54320.0
218,06/07/2024,57860.7,56592.1,58258.7,57860.0
219,05/07/2024,56399.9,55226.5,56975.7,56198.0
220,04/07/2024,55337.8,59102.9,57471.1,55109.0
221,03/07/2024,59045.5,60957.5,60463.0,58055.4
222,02/07/2024,60947.2,63118.8,62263.6,60756.9
223,01/07/2024,63111.8,63426.4,63257.0,62794.0
224,30/06/2024,63434.0,60888.4,63786.8,62583.4
225,29/06/2024,60917.5,60738.1,61061.8,60757.7
226,28/06/2024,60745.0,61814.6,60979.2,60382.8
227,27/06/2024,61805.1,61006.2,62175.4,61478.0
228,26/06/2024,61028.5,61934.9,61206.4,60786.4
229,25/06/2024,61963.8,61299.1,62469.4,61652.7
230,24/06/2024,61376.3,62857.1,61585.5,60262.2
231,23/06/2024,62914.2,64420.0,63357.1,62732.8
232,22/06/2024,64460.6,64319.4,64518.9,64261.0
233,21/06/2024,64275.7,64512.9,64335.6,63944.0
234,20/06/2024,64696.4,65179.0,65054.9,64638.5
235,19/06/2024,65294.2,65464.7,65706.4,64843.9
236,18/06/2024,65430.8,65483.4,65561.2,64843.9
237,17/06/2024,65502.2,66231.8,66571.2,64589.4
238,16/06/2024,66290.6,66139.5,66893.0,66243.9
239,15/06/2024,66039.1,65735.1,66446.4,65895.1
240,14/06/2024,66235.0,66736.2,66274.7,65976.2
241,13/06/2024,66738.9,67455.8,67018.0,66495.9
242,12/06/2024,67322.9,67403.4,68384.6,67014.5
243,11/06/2024,67389.8,68456.9,67577.8,66911.5
244,10/06/2024,68320.5,69612.3,69573.3,67969.3
245,09/06/2024,69611.8,69259.7,69798.1,69426.0
246,08/06/2024,69275.0,69439.3,69337.4,69136.7
247,07/06/2024,69485.6,70990.7,69514.7,69295.1
248,06/06/2024,70979.2,71053.3,70998.0,70668.0
249,05/06/2024,71053.7,70838.6,71237.8,70910.1
250,04/06/2024,70873.9,69136.7,71224.5,70433.2
251,03/06/2024,69154.6,68408.1,69361.6,68707.9
252,02/06/2024,68441.3,67712.6,68778.1,67616.8
253,01/06/2024,67796.6,67715.0,67893.3,67641.1
254,31/05/2024,67715.5,68535.6,67746.5,67449.6
255,30/05/2024,68611.5,68093.5,68705.8,68292.7
256,29/05/2024,68144.4,68670.2,68183.0,67462.6
257,28/05/2024,67796.0,68392.8,69560.7,67496.1
258,27/05/2024,67914.3,68872.3,69560.7,67795.6
259,26/05/2024,68839.7,69073.2,69283.6,68480.4
260,25/05/2024,69124.7,68754.3,69310.6,68849.1
261,24/05/2024,68759.5,67876.9,68889.9,68516.1
262,23/05/2024,67910.7,69436.6,68002.0,67635.1
263,22/05/2024,69337.0,69952.2,69594.4,69166.3
264,21/05/2024,69917.4,71272.9,70343.9,69829.5
265,20/05/2024,71369.6,66676.0,71872.0,70754.4
266,19/05/2024,66680.9,67169.1,66755.5,66076.5
267,18/05/2024,67151.9,66951.7,67284.6,66843.6
268,17/05/2024,66930.2,65595.8,67048.7,66752.3
269,16/05/2024,65646.9,65984.6,65834.2,65121.7
270,15/05/2024,66032.2,61945.6,66643.9,65817.0
271,14/05/2024,61915.9,62479.7,62018.0,61357.5
272,13/05/2024,62403.7,61172.3,63102.6,62386.1
273,12/05/2024,61071.9,60929.7,61790.0,60779.0
274,11/05/2024,60905.6,60723.8,61101.1,60806.6
275,10/05/2024,60745.9,62916.1,61076.9,60673.4
276,09/05/2024,62864.3,61678.5,63090.7,62669.2
277,08/05/2024,61717.8,62895.6,61773.6,61152.0
278,07/05/2024,62945.3,63239.5,62950.0,62166.2
279,06/05/2024,63238.4,63875.3,63955.5,62918.3
280,05/05/2024,63816.5,63238.0,64459.5,63722.0
281,04/05/2024,63203.2,62710.5,64143.8,62923.9
282,03/05/2024,62703.2,59727.3,63515.4,62599.1
283,02/05/2024,57921.5,57131.4,58560.2,56989.8
284,01/05/2024,57526.5,60241.3,58560.2,56989.8
285,30/04/2024,60222.8,63646.4,60827.5,59590.2
286,29/04/2024,63650.4,62249.1,64700.2,63142.8
287,28/04/2024,62655.0,64016.8,63331.8,62469.7
288,27/04/2024,64057.3,63081.4,64346.1,63457.9
289,26/04/2024,63127.6,64370.4,63916.7,62507.7
290,25/04/2024,64366.3,64281.0,64635.0,63927.7
291,24/04/2024,64341.2,66597.6,64728.3,63901.7
292,23/04/2024,66615.3,66450.0,66882.6,66396.6
293,22/04/2024,66515.8,65711.6,67180.0,66499.9
294,21/04/2024,66003.1,65190.7,66018.1,64527.5
295,20/04/2024,64674.8,64377.0,65375.6,63131.7
296,19/04/2024,63899.8,61787.5,64139.3,63131.7
297,18/04/2024,61830.2,61657.0,63480.5,59693.3
298,17/04/2024,61995.9,63844.6,62171.5,60970.8
299,16/04/2024,63778.5,63401.8,64289.5,63608.5
300,15/04/2024,62919.1,65158.6,63890.0,62802.5
301,14/04/2024,65253.9,63085.6,65875.2,64983.4
302,13/04/2024,63152.3,66528.9,64307.9,62174.7
303,12/04/2024,66980.3,70985.0,67133.0,65784.7
304,11/04/2024,70856.7,70851.6,70972.9,70005.4
305,10/04/2024,69202.6,69231.1,69574.9,67570.0
306,09/04/2024,68721.1,71723.5,71737.2,68615.0
307,08/04/2024,71262.2,69451.6,71737.2,70902.3
308,07/04/2024,69393.0,69419.5,69788.6,69110.5
309,06/04/2024,69409.1,67797.7,69739.7,68849.4
310,05/04/2024,67740.6,67872.1,68053.3,67467.2
311,04/04/2024,67649.3,65749.0,68692.2,67472.8
312,03/04/2024,65674.0,66227.2,66349.0,65541.0
313,02/04/2024,66135.4,66712.8,66135.4,64559.0
314,01/04/2024,69828.9,71332.0,71329.3,68175.9
315,31/03/2024,70615.8,69918.6,71329.3,70543.6
316,30/03/2024,69926.6,69781.0,70143.2,69576.6
317,29/03/2024,69820.0,70446.8,70158.9,69736.1
318,28/03/2024,70447.1,69302.4,70907.0,70315.6
319,27/03/2024,69240.4,70382.1,69913.7,68956.9
320,26/03/2024,70443.3,70438.6,70714.1,69839.3
321,25/03/2024,70508.4,67322.5,70603.1,69754.8
322,24/03/2024,66979.5,63980.1,67288.3,66395.0
323,23/03/2024,64118.4,63570.4,64684.0,63938.1
324,22/03/2024,63389.0,65968.6,64324.3,63074.9
325,21/03/2024,65947.2,66746.4,66133.9,65151.8
326,20/03/2024,66467.4,61826.5,68161.7,66463.6
327,19/03/2024,62394.0,65860.5,63397.2,61859.5
328,15/03/2024,68361.4,73589.3,72398.1,67105.8
329,14/03/2024,68937.1,73257.1,72398.1,67110.1
330,13/03/2024,73237.7,72034.3,73285.3,72530.5
331,12/03/2024,72074.4,71606.2,72193.5,71338.4
332,11/03/2024,71670.1,68600.2,72467.1,71519.9
333,10/03/2024,68506.2,69169.7,68966.1,67452.8
334,09/03/2024,69484.5,68298.6,69676.4,68250.3
335,08/03/2024,68289.5,67152.1,68343.7,67923.9
336,07/03/2024,67072.9,65862.1,67270.9,66787.8
337,10/08/2023,29476.1,29610.8,29489.8,29443.4
338,09/08/2023,29579.8,29713.4,29653.6,29562.4
339,08/08/2023,29706.4,29189.1,29882.0,29666.0
340,07/08/2023,29199.3,29154.2,29253.3,29137.7
341,06/08/2023,29152.3,29058.7,29215.2,29011.8
342,05/08/2023,29056.4,29082.7,29074.8,29032.3
343,04/08/2023,29085.5,29155.9,29139.3,29061.5
344,03/08/2023,29142.2,29174.8,29241.8,29109.1
345,02/08/2023,29155.2,29627.2,29266.1,29127.1
346,01/08/2023,29671.7,28835.3,30025.9,29660.5
347,31/07/2023,28847.9,29418.7,29343.1,28834.5
348,30/07/2023,29437.3,29316.3,29502.3,29264.9
349,29/07/2023,29382.4,29258.9,29400.1,29299.0
350,28/07/2023,29371.9,29252.4,29394.2,29299.0
351,27/07/2023,29215.2,29405.9,29294.4,29188.6
352,26/07/2023,29436.8,29243.8,29450.3,29307.9
353,25/07/2023,29250.5,29107.9,29394.4,29109.7
354,24/07/2023,29116.7,29717.3,29184.1,29058.7
355,23/07/2023,29699.0,29847.4,30098.2,29678.2
356,22/07/2023,29854.3,29908.6,29893.7,29735.7
357,21/07/2023,29926.0,29898.5,29986.8,29901.6
358,20/07/2023,29910.6,29950.0,29945.5,29741.7
359,19/07/2023,29943.2,30059.5,30044.8,29895.8
360,18/07/2023,30070.6,30077.7,30077.8,29842.3
361,17/07/2023,30087.2,30314.2,30242.4,30084.6
362,16/07/2023,30306.6,30192.0,30335.9,30197.2
363,15/07/2023,30225.8,30297.1,30333.9,30075.4
364,14/07/2023,30323.5,31462.5,30395.4,30246.9
365,13/07/2023,31425.4,30298.2,31602.6,31343.2
366,12/07/2023,30285.9,30591.4,30434.4,30279.7
367,11/07/2023,30595.4,30482.5,30654.3,30500.2
368,10/07/2023,30466.5,30158.0,30598.5,30367.8
369,09/07/2023,30179.2,30289.6,30242.4,29969.1
370,08/07/2023,30312.4,30277.1,30404.7,30252.1
371,07/07/2023,30281.0,30138.6,30379.9,30262.4
372,06/07/2023,30114.0,30499.9,30161.0,29757.4
373,05/07/2023,30502.8,30834.0,30559.0,30353.6
374,04/07/2023,30849.8,31262.2,30861.7,30756.3
375,03/07/2023,31241.8,30756.8,31326.5,31101.8
376,02/07/2023,30779.8,30544.1,30790.4,30594.4
377,01/07/2023,30505.0,30424.4,30650.1,30481.5
378,30/06/2023,30393.8,30664.0,30530.6,30377.6
379,29/06/2023,30722.2,30175.2,30858.1,30354.6
380,28/06/2023,30151.9,30453.5,30243.8,30051.3
381,27/06/2023,30460.8,30371.6,30703.4,30362.5
382,26/06/2023,30370.1,30299.5,30485.7,30231.3
383,25/06/2023,30285.5,30752.1,30543.1,30012.8
384,24/06/2023,30768.0,30749.2,30768.0,30474.1
385,23/06/2023,30742.5,30010.7,30793.8,30434.3
386,22/06/2023,30013.6,30296.3,30046.6,29822.6
387,21/06/2023,30299.3,28710.4,30497.8,29899.0
388,20/06/2023,28724.6,26893.1,28985.5,28270.5
389,19/06/2023,26915.9,26391.3,27152.7,26798.7
390,18/06/2023,26411.3,26546.1,26465.9,26295.1
391,17/06/2023,26539.8,26258.4,26543.0,26410.5
392,16/06/2023,26262.8,25559.3,26362.7,26183.5
393,15/06/2023,25564.2,25061.9,25591.9,25451.4
394,14/06/2023,25083.1,25987.0,25205.7,25040.9
395,13/06/2023,25982.2,26058.4,26051.2,25914.1
396,12/06/2023,26083.8,25795.0,26138.6,25824.0
397,11/06/2023,25796.6,25730.4,26006.0,25635.0
398,10/06/2023,25742.6,26329.8,25862.3,25728.2
399,09/06/2023,26336.1,26490.7,26525.1,26298.9
400,08/06/2023,26495.3,26341.5,26592.0,26326.7
401,07/06/2023,26298.4,26909.2,26470.6,26231.3
402,06/06/2023,26892.5,25733.0,27342.0,26730.6
403,05/06/2023,25729.8,26845.4,25791.0,25611.1
404,04/06/2023,26859.9,27062.3,27125.5,26817.4
405,03/06/2023,27062.6,27146.2,27096.7,26956.1
406,02/06/2023,27141.6,27007.5,27246.0,27114.0
407,01/06/2023,26943.2,26781.7,26980.0,26541.3
408,31/05/2023,26777.9,27658.3,27340.9,26662.3
409,30/05/2023,27689.8,27835.5,27825.0,27606.6
410,29/05/2023,27830.7,27972.8,27925.7,27605.5
411,28/05/2023,28060.6,27188.4,28431.2,28057.8
412,27/05/2023,27161.9,26754.6,27172.4,26788.5
413,26/05/2023,26765.4,26436.6,26775.2,26639.0
414,25/05/2023,26438.0,26186.9,26534.7,26384.4
415,24/05/2023,26192.6,26785.5,26381.8,25892.5
416,23/05/2023,26759.1,27371.1,27220.7,26686.4
417,22/05/2023,27381.4,26645.8,27414.3,26804.1
418,21/05/2023,26650.7,27178.1,26780.7,26546.1
419,20/05/2023,27193.0,26867.7,27257.1,27066.5
420,19/05/2023,26867.4,26802.9,26899.3,26831.3
421,18/05/2023,26839.2,27352.9,26914.8,26751.2
422,17/05/2023,27358.6,27073.2,27467.0,27296.5
423,16/05/2023,27102.3,27083.0,27215.1,26984.1
424,15/05/2023,27115.5,27168.1,27295.3,26881.9
425,14/05/2023,27232.4,26868.0,27284.3,26752.1
426,13/05/2023,26845.8,26783.5,26850.6,26609.9
427,12/05/2023,26823.7,26636.6,26974.0,26695.6
428,11/05/2023,26615.0,27445.0,27044.0,26559.2
429,10/05/2023,27451.8,27691.0,27607.4,27402.7
430,09/05/2023,27692.2,27639.5,27808.4,27627.2
431,08/05/2023,27592.7,28203.9,27745.6,27552.9
432,07/05/2023,28184.0,28806.3,28627.8,28056.2
433,06/05/2023,28811.3,29357.3,29122.0,28754.8
434,05/05/2023,29357.6,29197.3,29816.4,29353.1
435,04/05/2023,29179.9,29100.2,29490.5,28825.3
436,03/05/2023,29027.6,28525.8,29187.0,28956.0
437,02/05/2023,28536.4,28040.2,28682.7,28370.3
438,01/05/2023,28020.7,28563.2,28142.7,27928.2
439,30/04/2023,28560.9,29179.8,29329.6,28432.6
440,29/04/2023,29193.7,29367.6,29235.1,29095.0
441,28/04/2023,29367.8,29420.1,29400.8,29217.4
442,27/04/2023,29405.0,28875.0,29587.1,29334.2
443,26/04/2023,29030.0,28311.6,29414.0,28392.4
444,25/04/2023,28336.5,27390.1,28460.3,28258.5
445,24/04/2023,27344.5,27734.5,27576.2,27332.7
446,23/04/2023,27746.2,27601.1,27978.8,27434.0
447,22/04/2023,27556.2,27234.7,27815.0,27492.1
448,21/04/2023,27334.0,28245.8,27336.9,27165.7
449,20/04/2023,28304.8,28848.1,28353.4,28109.2
450,19/04/2023,28846.4,30212.8,28992.9,28606.0
451,18/04/2023,30207.2,29450.7,30408.4,30153.3
452,17/04/2023,29477.7,29984.1,29490.0,29149.2
453,16/04/2023,29983.4,30254.2,30312.2,29786.1
454,15/04/2023,30260.9,30379.1,30322.9,30134.6
455,14/04/2023,30390.0,30695.1,30586.5,30302.3
456,13/04/2023,30706.5,30079.6,30836.8,30327.6
457,12/04/2023,30068.5,29931.1,30153.7,29864.5
458,11/04/2023,29921.3,30112.9,30327.6,29851.1
459,10/04/2023,30081.8,28280.7,30375.1,29597.8
460,09/04/2023,28285.6,28034.8,28422.1,28264.7
461,08/04/2023,28044.8,28027.6,28086.2,27932.6
462,07/04/2023,28013.4,28042.7,28048.9,27863.8
463,06/04/2023,28044.7,28136.1,28102.5,27936.5
464,05/04/2023,28074.0,28547.3,28173.5,27903.0
465,04/04/2023,28525.8,27860.6,28744.4,28100.8
466,03/04/2023,27878.4,27756.5,27945.8,27668.9
467,02/04/2023,27762.7,28476.1,28194.7,27608.9
468,01/04/2023,28466.3,28473.7,28795.1,28285.6
469,31/03/2023,28562.0,28172.9,28795.1,28415.7
470,30/03/2023,28169.1,28477.0,28353.3,27927.5
471,29/03/2023,28541.6,27369.0,29160.4,28181.2
472,28/03/2023,27351.2,26975.0,27456.7,27249.8
473,27/03/2023,26976.7,27900.5,27170.1,26847.8
474,26/03/2023,27914.5,27529.7,28023.3,27795.3
475,25/03/2023,27515.1,27612.8,27638.0,27429.1
476,24/03/2023,27575.0,28195.1,27665.1,27432.2
477,23/03/2023,28229.5,27343.1,28374.5,28152.6
478,22/03/2023,27367.1,28167.3,27431.5,27144.6
479,21/03/2023,28174.3,27788.0,28246.4,27960.7
480,20/03/2023,27762.7,27269.6,27930.6,27679.9
481,19/03/2023,27191.3,27110.0,28050.6,27170.5
482,18/03/2023,27172.8,27297.0,27185.8,26914.0
483,17/03/2023,27332.1,25602.5,27659.1,27132.6
484,16/03/2023,25681.5,24370.8,25884.1,24900.1
485,15/03/2023,24249.0,24838.3,24432.0,24147.9
486,14/03/2023,24727.5,24281.1,25040.3,24331.5
487,13/03/2023,24361.2,22193.1,24453.5,23994.6
488,12/03/2023,22234.7,20384.0,22542.5,21904.3
489,11/03/2023,20391.8,20347.7,20507.2,20325.3
490,10/03/2023,20345.9,19879.5,20669.5,20142.8
491,09/03/2023,19904.6,21738.1,20362.0,19813.7
492,08/03/2023,21737.3,22144.6,21802.3,21682.8
493,07/03/2023,22128.8,22478.0,22274.3,22092.8
494,06/03/2023,22464.8,22343.3,22535.1,22384.0
495,05/03/2023,22344.1,22449.4,22494.8,22320.2
496,04/03/2023,22439.3,22340.6,22636.7,22213.5
497,03/03/2023,22328.5,22378.5,22390.3,22326.3
498,02/03/2023,22352.6,23538.6,23473.4,22051.9
499,01/03/2023,23515.4,23797.2,23780.5,23435.5
500,28/02/2023,23801.1,23414.8,23801.1,23025.3
501,27/02/2023,23408.4,23491.5,23543.6,23360.2
502,26/02/2023,23474.6,23187.7,23634.3,23440.9
503,25/02/2023,23172.0,23124.5,23249.6,23066.0
504,24/02/2023,23107.5,23948.2,23215.3,23051.0
505,23/02/2023,23980.0,24518.1,24123.4,23893.8
506,22/02/2023,24455.8,24153.4,24590.4,24127.6
507,21/02/2023,24137.2,24902.1,24474.3,23894.7
508,20/02/2023,24877.8,24478.3,25081.2,24785.1
509,19/02/2023,24461.5,24714.4,24534.8,23868.6
510,18/02/2023,24690.9,24628.5,24765.3,24623.6
511,17/02/2023,24635.8,23806.8,24772.4,24531.4
512,16/02/2023,23765.6,24643.9,23883.3,23373.0
513,15/02/2023,22112.0,21696.7,22198.5,22050.8
514,14/02/2023,22111.1,21706.7,22198.5,22050.8
515,13/02/2023,21716.0,21834.9,21808.1,21681.3
516,12/02/2023,21831.9,21781.3,21856.7,21656.9
517,11/02/2023,21767.7,21688.0,21879.4,21764.5
518,10/02/2023,21682.7,21795.5,21714.6,21605.3
519,09/02/2023,21801.7,22566.2,21933.6,21722.6
520,08/02/2023,22574.3,23248.5,23003.6,22425.6
521,07/02/2023,23246.1,22881.9,23425.1,23233.0
522,06/02/2023,22872.6,22872.7,22922.0,22748.2
523,05/02/2023,23385.6,23343.1,23423.4,23253.9
524,04/02/2023,23360.1,23337.1,23370.0,23253.9
525,03/02/2023,23334.3,23513.8,23461.2,23317.5
526,02/02/2023,23525.8,23881.7,23581.9,23418.0
527,01/02/2023,23905.7,23136.1,24207.2,23694.4
528,31/01/2023,23128.5,22859.2,23171.7,23031.9
529,30/01/2023,22842.7,23715.6,22900.6,22724.9
530,29/01/2023,23338.2,22977.3,23533.5,22973.3
531,28/01/2023,23127.8,23093.1,23456.4,22973.3
532,27/01/2023,23096.9,22774.4,23182.3,23048.0
533,26/01/2023,22819.3,23124.4,23072.1,22602.9
534,25/01/2023,23174.5,22646.9,23259.5,23055.2
535,24/01/2023,22652.7,23073.6,22714.2,22366.3
536,23/01/2023,23087.1,22669.9,23139.2,22878.9
537,22/01/2023,22744.0,22756.9,22802.0,22663.8
538,21/01/2023,22840.4,22596.9,22959.7,22634.3
539,20/01/2023,22614.6,20992.6,22724.8,22461.1
540,19/01/2023,21053.0,20809.3,21181.0,21018.6
541,18/01/2023,20813.9,21273.2,20858.0,20669.7
542,17/01/2023,21286.3,21157.2,21371.2,21136.4
543,16/01/2023,21157.3,21151.8,21289.6,20926.2
544,15/01/2023,21147.6,20698.8,21414.7,20802.1
545,14/01/2023,20686.5,20894.0,20996.0,20590.4
546,13/01/2023,20913.7,18833.1,21185.6,19898.6
547,12/01/2023,18853.9,18217.3,18882.8,18723.8
548,11/01/2023,18220.2,17414.0,18298.8,17915.5
549,10/01/2023,17410.7,17218.0,17499.1,17371.1
550,09/01/2023,17216.1,17226.3,17232.6,17151.7
551,08/01/2023,17234.3,16935.2,17244.2,17107.1
552,07/01/2023,16936.1,16937.9,16953.7,16913.8
553,06/01/2023,16942.6,16822.1,16979.6,16932.3
554,05/01/2023,16818.3,16837.1,16871.2,16804.9
555,04/01/2023,16836.8,16861.3,16875.1,16813.6
556,03/01/2023,16875.0,16684.9,16890.9,16656.5
557,02/01/2023,16685.2,16634.2,16704.7,16652.1
558,01/01/2023,16638.3,16517.6,16699.7,16551.0
559,31/12/2022,16520.3,16550.1,16557.2,16510.8
560,30/12/2022,16544.8,16611.4,16613.6,16543.1
561,29/12/2022,16607.5,16568.5,16644.4,16585.0
562,28/12/2022,16571.1,16661.1,16584.8,16496.6
563,27/12/2022,16661.8,16891.7,16737.1,16585.7
564,26/12/2022,16884.8,16877.2,16964.0,16844.9
565,25/12/2022,16876.3,16826.1,16914.2,16822.0
566,24/12/2022,16819.6,16828.6,16850.8,16816.2
567,23/12/2022,16830.6,16839.0,16845.8,16777.8
568,22/12/2022,16830.0,16836.4,16889.0,16774.1
569,21/12/2022,16849.6,16794.4,16858.3,16811.2
570,20/12/2022,16810.9,16804.0,16919.4,16798.1
571,19/12/2022,16790.3,16711.7,16849.4,16400.7
572,18/12/2022,16728.7,16763.0,16809.5,16642.0
573,17/12/2022,16764.3,16706.3,16797.3,16709.1
574,16/12/2022,16715.5,17425.8,16723.2,16587.0
575,15/12/2022,17403.0,17726.9,17427.3,17351.8
576,14/12/2022,17693.6,17783.1,17846.1,17600.0
577,13/12/2022,17762.1,17151.3,17834.3,17753.2
578,12/12/2022,17163.6,16917.9,17234.4,17123.4
579,11/12/2022,16927.6,17153.9,17093.2,16878.5
580,10/12/2022,17170.7,17154.0,17174.4,17123.3
581,09/12/2022,17156.1,17201.5,17164.2,17121.3
582,08/12/2022,17193.2,16823.7,17288.6,17192.9
583,07/12/2022,16823.0,17040.1,16881.5,16789.0
584,06/12/2022,17020.4,16999.6,17126.7,17015.1
585,05/12/2022,17010.7,17374.9,17097.4,16966.3
586,04/12/2022,17255.0,17005.6,17306.3,17080.9
587,03/12/2022,17014.0,16934.5,17132.6,17010.8
588,02/12/2022,17013.2,16901.4,17132.6,17012.9
589,01/12/2022,16923.6,17147.5,17039.7,16867.6
590,30/11/2022,17140.9,16865.4,17222.6,17099.8
591,29/11/2022,16847.0,16283.4,17061.1,16433.2
592,28/11/2022,16462.9,16208.1,16471.2,16100.1
593,27/11/2022,16194.2,16526.7,16481.4,16060.8
594,26/11/2022,16556.4,16628.4,16595.4,16450.1
595,25/11/2022,16627.1,16385.8,16686.3,16511.2
596,24/11/2022,16399.2,16697.2,16611.8,16399.2
597,23/11/2022,16695.9,16501.4,16785.6,16539.9
598,22/11/2022,16508.8,15817.8,16576.3,16162.3
599,21/11/2022,15836.8,16147.7,15937.1,15751.7
600,20/11/2022,16711.8,16638.3,16749.3,16670.4
601,18/11/2022,16633.8,16691.2,16846.3,16553.0
602,17/11/2022,16691.2,16549.5,16739.7,16425.8
603,16/11/2022,16533.1,16882.7,16993.4,16408.2
604,15/11/2022,16916.5,16768.5,16993.4,16775.2
605,14/11/2022,16767.9,15989.4,16880.2,16543.9
606,13/11/2022,15943.1,16860.1,16394.7,15898.6
607,12/11/2022,16881.3,16756.0,16946.5,16779.3
608,11/11/2022,16789.3,17070.6,17100.8,16779.4
609,10/11/2022,17046.5,16492.6,17679.4,16897.9
610,09/11/2022,16396.8,18244.6,16523.8,15799.3
611,08/11/2022,18234.1,19667.3,18583.8,18007.4
612,07/11/2022,19676.9,20889.6,20667.5,19576.0
613,06/11/2022,20887.0,21229.2,21055.4,20827.7
614,05/11/2022,21242.5,21445.3,21360.4,21206.8
615,04/11/2022,21404.1,20325.8,21464.7,21084.1
616,03/11/2022,20319.9,20307.3,20324.3,20184.6
617,02/11/2022,20310.6,20520.6,20337.1,20123.5
618,01/11/2022,20535.6,20490.2,20548.5,20416.4
619,31/10/2022,20487.0,20519.1,20581.7,20450.3
620,30/10/2022,20515.2,20772.9,20670.0,20438.4
621,29/10/2022,20777.0,20755.3,20836.9,20706.3
622,28/10/2022,20749.1,20295.0,20802.4,20561.9
623,27/10/2022,20259.2,20745.4,20326.8,20201.6
624,26/10/2022,20742.9,20252.9,20836.0,20646.2
625,25/10/2022,20269.4,19341.4,20299.1,20062.9
626,24/10/2022,19343.9,19391.2,19359.3,19251.0
627,23/10/2022,19393.0,19198.6,19588.6,19350.1
628,22/10/2022,19198.0,19155.3,19218.6,19168.6
629,21/10/2022,19135.2,19049.9,19178.7,19116.1
630,20/10/2022,19054.3,19052.1,19122.9,19003.9
631,19/10/2022,19039.8,19291.5,19163.0,18935.6
632,18/10/2022,19291.4,19491.7,19692.9,19102.8
633,17/10/2022,19555.5,19204.7,19617.2,19487.5
634,16/10/2022,19197.8,19110.6,19307.2,19164.7
635,15/10/2022,19123.9,19194.3,19162.6,19066.0
636,14/10/2022,19209.2,19815.7,19218.7,19138.3
637,13/10/2022,19825.5,19087.6,19933.9,19342.4
638,12/10/2022,19099.7,19048.9,19168.4,19039.9
639,11/10/2022,19052.6,19044.3,19127.3,19031.3
640,10/10/2022,19049.5,19451.1,19134.6,18962.7
641,09/10/2022,19448.4,19373.4,19520.7,19408.9
642,08/10/2022,19344.1,19507.2,19450.0,19334.3
643,07/10/2022,19539.7,19981.9,19612.2,19516.8
644,06/10/2022,19998.9,20361.4,20051.4,19947.8
645,05/10/2022,20331.7,20188.3,20436.7,20145.4
646,04/10/2022,20199.9,19598.4,20353.8,20163.4
647,03/10/2022,19581.2,19163.9,19709.8,19506.4
648,02/10/2022,19179.2,19310.5,19251.0,19001.3
649,01/10/2022,19309.4,19414.5,19342.5,19250.1
650,30/09/2022,19402.5,19397.2,19480.3,19362.2
651,29/09/2022,19343.9,19504.2,19688.5,19325.0
652,28/09/2022,19528.7,18742.2,19587.8,19316.0
653,27/09/2022,18692.0,20103.3,19232.3,18505.3
654,26/09/2022,20119.9,18875.4,20287.3,19194.5
655,25/09/2022,18866.5,19053.1,18943.1,18735.0
656,24/09/2022,19042.9,19122.8,19051.2,18914.3
657,23/09/2022,19098.5,19384.8,19310.6,19048.2
658,22/09/2022,19408.3,18686.6,19463.5,19236.3
659,21/09/2022,18703.8,19023.7,18772.4,18371.0
660,20/09/2022,19013.7,19364.8,19052.0,18843.9
661,19/09/2022,19356.8,18772.6,19626.3,19183.9
662,18/09/2022,18806.8,19995.0,19508.5,18712.8
663,17/09/2022,19956.2,19879.5,20113.7,19956.0
664,16/09/2022,19893.1,19745.0,20055.8,19774.2
665,15/09/2022,19737.5,20029.4,19799.3,19602.3
666,14/09/2022,20025.5,20320.0,20265.5,19942.8
667,13/09/2022,20351.8,22231.6,20503.7,20069.0
668,12/09/2022,22218.7,21654.0,22431.3,22072.6
669,11/09/2022,21612.1,21545.9,22296.4,21581.6
670,10/09/2022,21518.5,21311.9,21679.6,21472.3
671,09/09/2022,21317.8,19925.2,21380.7,21170.4
672,08/09/2022,19838.5,19218.9,19851.9,19294.1
673,07/09/2022,19228.4,18739.4,19376.6,19169.6
674,06/09/2022,18722.1,19781.8,18866.7,18548.4
675,05/09/2022,19761.9,19882.5,20169.3,19687.4
676,04/09/2022,19896.2,19773.4,20042.9,19818.6
677,03/09/2022,19761.7,19897.1,19855.4,19756.7
678,02/09/2022,19902.8,20166.2,20043.8,19875.9
679,01/09/2022,20183.9,20015.8,20232.5,19960.6
680,31/08/2022,20007.8,20408.0,20202.7,19931.0
681,30/08/2022,20389.3,20267.9,20435.5,19793.4
682,29/08/2022,20257.7,19858.0,20295.6,20120.9
683,28/08/2022,19844.7,19996.6,19931.4,19551.2
684,27/08/2022,19999.1,20206.8,20134.1,19927.8
685,26/08/2022,20238.9,21554.4,20343.6,20144.7
686,25/08/2022,21521.6,21328.8,21632.5,21324.7
687,24/08/2022,21468.2,21259.4,21632.5,21324.7
688,23/08/2022,21239.8,21229.7,21551.1,21171.1
689,22/08/2022,21285.7,21419.0,21458.2,21271.2
690,21/08/2022,21380.6,21250.8,21489.9,21077.4
691,20/08/2022,21186.6,21146.8,21322.4,21126.1
692,19/08/2022,21135.4,22814.0,21170.7,20813.5
693,18/08/2022,22783.2,23457.8,23202.3,22718.2
694,17/08/2022,23447.6,23988.2,23512.3,23297.7
695,16/08/2022,24018.2,24045.7,24077.0,23834.6
696,15/08/2022,24101.5,24920.6,24240.8,23858.9
697,14/08/2022,24832.1,24602.8,25205.7,24193.8
698,13/08/2022,24589.3,24666.5,24623.4,24352.9
699,12/08/2022,24744.9,24008.3,24787.5,24337.5
700,11/08/2022,23997.1,24268.1,24090.0,23765.2
701,10/08/2022,24353.8,22913.8,24481.3,23923.3
702,09/08/2022,22876.6,23833.5,23150.5,22714.7
703,08/08/2022,23813.3,23305.4,23866.2,23636.4
704,07/08/2022,23307.0,22990.5,23339.8,23160.6
705,06/08/2022,22999.6,23266.8,23048.0,22852.3
706,05/08/2022,23202.8,23050.6,23344.4,23167.0
707,04/08/2022,23158.2,23073.1,23188.4,22593.5
708,03/08/2022,23069.8,22842.6,23214.5,22794.4
709,02/08/2022,22852.4,22853.6,23060.0,22698.6
710,01/08/2022,22876.7,23375.4,23412.7,22790.9
711,31/07/2022,23361.0,23741.9,23459.1,23265.9
712,30/07/2022,23706.7,23801.6,23864.6,23548.9
713,29/07/2022,23813.7,23918.9,23956.5,23698.0
714,28/07/2022,23924.0,23120.7,23938.7,23711.8
715,27/07/2022,23139.2,21074.1,23418.2,22714.1
716,26/07/2022,21068.7,21144.8,21279.8,21047.5
717,25/07/2022,21143.6,21863.6,21322.3,20916.6
718,24/07/2022,21802.8,22332.0,22653.3,21802.7
719,23/07/2022,22333.2,22838.2,22664.6,22311.0
720,22/07/2022,22883.4,22912.3,22896.0,22591.3
721,21/07/2022,22910.9,22774.2,23344.4,22873.6
722,20/07/2022,22841.5,23434.3,23403.8,22680.9
723,19/07/2022,23430.7,21891.7,23502.0,22965.9
724,18/07/2022,21835.6,21296.7,22910.2,21835.6
725,17/07/2022,21265.2,21324.6,21360.8,20770.6
726,16/07/2022,21344.5,20744.5,21445.1,21091.8
727,15/07/2022,20757.6,20614.0,20857.4,20617.4
728,14/07/2022,20547.4,20224.6,20811.3,20393.4
729,13/07/2022,20221.4,19468.9,20405.5,20187.9
730,12/07/2022,19475.1,19941.1,19544.6,19267.3
731,11/07/2022,19924.2,20547.9,19993.7,19794.8
732,10/07/2022,20615.7,21297.3,20855.0,20467.6
733,09/07/2022,21298.5,21608.9,21599.2,21190.7
734,08/07/2022,21603.8,22121.5,21681.3,21440.2
735,07/07/2022,22102.0,20473.8,22482.1,21580.9
736,06/07/2022,20460.6,19942.0,20584.2,20390.7
737,05/07/2022,19948.0,20301.9,20360.7,19785.3
738,03/07/2022,19078.0,19235.2,19342.5,18794.4
739,02/07/2022,19273.8,19119.1,19297.3,19172.6
740,01/07/2022,19103.7,19733.7,19369.2,19067.7
741,30/06/2022,19854.4,20072.4,20785.6,19668.6
742,29/06/2022,20064.8,20291.0,20155.1,19955.1
743,28/06/2022,20240.5,20731.9,20384.2,20180.5
744,27/06/2022,20718.4,21173.9,20862.8,20538.0
745,26/06/2022,21132.9,21425.2,21178.6,20937.3
746,25/06/2022,21419.2,21296.1,21531.1,21293.8
747,24/06/2022,21320.3,21068.9,21373.2,21132.7
748,23/06/2022,21069.2,20210.3,21316.0,20982.2
749,22/06/2022,20259.8,20312.8,20578.7,19907.5
750,21/06/2022,20277.3,20611.9,20720.2,20276.2
751,20/06/2022,20637.4,19990.2,20764.8,20371.7
752,19/06/2022,20078.6,18276.9,20607.1,19658.8
753,18/06/2022,18462.4,20429.8,19169.5,18230.1
754,17/06/2022,20420.4,20375.0,20744.7,20311.0
755,16/06/2022,20395.9,22205.1,21017.6,20244.1
756,15/06/2022,22213.0,21448.0,22942.1,22187.8
757,14/06/2022,21648.5,22099.2,22254.6,21545.8
758,13/06/2022,22022.8,25533.1,22771.4,20860.9
759,12/06/2022,25522.6,27573.1,26857.6,24978.3
760,11/06/2022,27622.2,29268.7,28534.8,27313.1
761,10/06/2022,29268.5,30116.2,29304.3,29046.4
762,09/06/2022,30159.6,30290.0,30325.6,29663.2
763,08/06/2022,30271.8,30009.4,30317.3,30070.9
764,07/06/2022,30095.8,29572.5,31312.1,29879.0
765,06/06/2022,29567.6,31248.0,31370.3,29235.0
766,05/06/2022,31193.9,29755.6,31222.9,29888.6
767,04/06/2022,29746.8,29564.4,29890.6,29684.0
768,03/06/2022,29565.0,30543.2,29758.0,29493.2
769,02/06/2022,30486.2,29814.9,30674.8,30367.7
770,01/06/2022,29716.8,31801.2,29890.9,29620.7
771,31/05/2022,31631.0,31689.0,31969.9,31627.9
772,30/05/2022,30598.9,29149.5,30833.7,29307.2
773,29/05/2022,30301.8,28901.1,30375.3,29307.2
774,28/05/2022,28939.3,28694.9,29041.2,28838.7
775,27/05/2022,28789.8,28983.3,28826.4,28537.2
776,26/05/2022,29045.8,29808.2,29377.1,28848.8
777,25/05/2022,29787.1,30179.2,29868.9,29518.0
778,24/05/2022,30162.7,29301.9,30191.9,29551.0
779,23/05/2022,29281.0,30157.8,29310.6,29069.3
780,22/05/2022,30149.6,29352.7,30423.7,30059.8
781,21/05/2022,29360.2,29250.2,29535.3,29360.2
782,20/05/2022,29187.4,30168.6,29328.1,28953.9
783,19/05/2022,30209.3,29180.6,30735.1,30126.2
784,18/05/2022,29202.1,29834.8,29281.8,28682.1
785,17/05/2022,29840.9,30361.1,30687.9,29802.4
786,16/05/2022,30426.4,30312.8,30488.1,29804.3
787,15/05/2022,30298.0,29722.1,31312.4,30211.2
788,14/05/2022,29700.5,29568.9,30226.3,29554.4
789,13/05/2022,29540.2,30567.5,29788.8,29223.9
790,12/05/2022,30636.3,28383.7,30713.2,28755.0
791,11/05/2022,28757.2,31204.8,30136.7,28503.5
792,10/05/2022,31290.5,30655.3,31661.0,30652.7
793,09/05/2022,30665.4,33557.0,31380.7,29831.0
794,08/05/2022,33582.0,34478.0,34227.0,33296.0
795,07/05/2022,34461.0,35813.0,35497.0,34228.0
796,06/05/2022,35866.0,36431.0,36051.0,35757.0
797,05/05/2022,36405.0,39736.0,36646.0,36155.0
798,04/05/2022,39727.0,38017.0,39791.0,39555.0
799,03/05/2022,38004.0,38500.0,38098.0,37660.0
800,02/05/2022,38523.0,38705.0,38603.0,38312.0
801,01/05/2022,38699.0,38045.0,38807.0,38387.0
802,30/04/2022,38005.0,38652.0,38077.0,37397.0
803,29/04/2022,38649.0,39512.0,38775.0,38549.0
804,28/04/2022,39487.0,39345.0,39919.0,39299.0
805,27/04/2022,39352.0,38333.0,39698.0,39164.0
806,26/04/2022,38379.0,40549.0,38476.0,37869.0
807,25/04/2022,40536.0,39254.0,40724.0,40398.0
808,24/04/2022,39255.0,39787.0,39505.0,38695.0
809,23/04/2022,39801.0,39464.0,39829.0,39421.0
810,22/04/2022,39441.0,40502.0,39852.0,39433.0
811,21/04/2022,40549.0,41711.0,40655.0,40258.0
812,20/04/2022,41669.0,41409.0,41780.0,41339.0
813,19/04/2022,41359.0,40701.0,41550.0,41235.0
814,18/04/2022,40710.0,39820.0,41271.0,40613.0
815,17/04/2022,40430.0,40424.0,40531.0,40129.0
816,16/04/2022,40299.0,40425.0,40432.0,40129.0
817,15/04/2022,40432.0,40208.0,40691.0,40414.0
818,14/04/2022,40155.0,41332.0,40173.0,39781.0
819,13/04/2022,41314.0,40071.0,41494.0,41062.0
820,12/04/2022,40095.0,39717.0,40267.0,39581.0
821,11/04/2022,39695.0,42108.0,39845.0,39293.0
822,10/04/2022,42079.0,42783.0,42418.0,41791.0
823,09/04/2022,42786.0,42391.0,42893.0,42605.0
824,08/04/2022,42419.0,43612.0,42468.0,42129.0
825,07/04/2022,43572.0,43326.0,43697.0,43304.0
826,06/04/2022,43297.0,45180.0,43559.0,42747.0
827,05/04/2022,45228.0,46654.0,45512.0,44417.0
828,04/04/2022,46622.0,46025.0,46788.0,46430.0
829,03/04/2022,46110.0,45962.0,46442.0,45772.0
830,02/04/2022,46201.0,46366.0,47212.0,45641.0
831,01/04/2022,46541.0,44597.0,47212.0,46096.0
832,31/03/2022,44525.0,47100.0,45652.0,44261.0
833,30/03/2022,47109.0,47470.0,47438.0,46980.0
834,29/03/2022,47475.0,47347.0,47475.0,46601.0
835,28/03/2022,47350.0,47060.0,47631.0,47087.0
836,27/03/2022,47016.0,44739.0,47561.0,46672.0
837,26/03/2022,44652.0,44425.0,44950.0,44511.0
838,25/03/2022,44380.0,43984.0,44471.0,44090.0
839,24/03/2022,43969.0,42738.0,44400.0,43883.0
840,23/03/2022,42797.0,42118.0,43284.0,42683.0
841,22/03/2022,42145.0,42257.0,42552.0,41930.0
842,21/03/2022,42263.0,40855.0,42490.0,40893.0
843,20/03/2022,40887.0,41961.0,41471.0,40530.0
844,19/03/2022,41988.0,41804.4,42301.0,41804.0
845,18/03/2022,41575.3,40528.3,41998.4,41529.6
846,17/03/2022,40498.2,41006.2,40935.6,40272.9
847,16/03/2022,41003.8,39160.8,41379.8,40825.1
848,15/03/2022,39177.4,38773.8,41701.6,38996.6
849,14/03/2022,38729.5,38172.4,39786.1,38658.0
850,13/03/2022,38109.1,39189.3,38294.7,37613.6
851,12/03/2022,39181.1,39093.5,39272.3,38733.1
852,11/03/2022,39188.2,38515.4,39289.9,38666.5
853,10/03/2022,38491.0,39543.1,39431.9,38236.4
854,09/03/2022,39648.0,41637.0,42029.1,39466.2
855,08/03/2022,41623.2,38558.0,41793.9,38663.3
856,07/03/2022,38487.5,37931.7,38935.0,37886.6
857,06/03/2022,37951.3,39468.9,38543.2,37597.7
858,03/03/2022,42449.2,43912.8,44077.2,41840.8
859,02/03/2022,43300.1,44252.7,44041.7,43258.7
860,01/03/2022,44336.6,43350.0,44730.7,43857.6
861,28/02/2022,43331.5,37818.6,43638.6,42890.9
862,27/02/2022,37827.8,38610.6,38336.3,37458.9
863,26/02/2022,38608.2,39420.0,39255.0,38230.9
864,25/02/2022,39443.6,38927.2,40094.5,39166.3
865,24/02/2022,38756.5,34912.1,38991.0,38167.0
866,23/02/2022,35078.8,37760.5,37417.3,34594.1
867,22/02/2022,37982.8,36576.5,38329.9,37598.7
868,21/02/2022,36714.9,38935.8,37421.1,36399.6
869,20/02/2022,39234.0,39533.9,39320.6,38226.8
870,19/02/2022,39622.6,40140.0,40120.3,39588.5
871,18/02/2022,40169.6,40693.8,40284.0,39940.6
872,17/02/2022,40652.1,43635.0,40928.6,40318.0
873,16/02/2022,43692.1,43900.1,44167.1,43376.3
874,15/02/2022,43852.7,43492.8,44552.9,43692.2
875,14/02/2022,43483.8,41967.6,43732.5,42460.1
876,13/02/2022,41909.3,42207.6,42170.6,41591.3
877,12/02/2022,42202.7,42291.0,42495.3,42080.0
878,11/02/2022,42275.7,43108.0,42480.7,42179.9
879,10/02/2022,43052.3,43802.1,43705.9,42643.7
880,09/02/2022,43607.8,43469.5,44398.2,43594.8
881,08/02/2022,43555.2,44370.6,44305.3,43202.1
882,07/02/2022,44287.8,42839.2,44304.4,43585.5
883,06/02/2022,42793.1,41551.6,42922.9,41695.4
884,05/02/2022,41521.7,41467.3,41641.2,41321.1
885,04/02/2022,41450.2,37301.6,41873.6,41201.1
886,03/02/2022,37334.7,36915.5,37420.8,37041.1
887,02/02/2022,36961.3,38469.0,37043.1,36773.4
888,01/02/2022,38467.8,38564.9,38853.8,38399.7
889,31/01/2022,38539.1,36915.8,38644.7,38189.4
890,30/01/2022,36958.5,38120.7,37923.8,36672.8
891,29/01/2022,38040.5,37834.2,38274.7,37796.4
892,28/01/2022,37844.5,37214.0,37977.0,37465.4
893,27/01/2022,37151.3,35947.3,37452.8,36662.4
894,26/01/2022,35905.8,37784.3,37067.9,35543.2
895,25/01/2022,36391.9,33701.2,36717.6,35729.3
896,24/01/2022,36013.2,35121.4,36691.3,35976.4
897,23/01/2022,35095.6,35227.4,36268.6,35095.6
898,22/01/2022,35245.4,36286.7,35516.8,34821.4
899,21/01/2022,36303.9,38809.5,36749.8,36082.4
900,20/01/2022,38853.1,41902.4,41104.6,38300.8
901,19/01/2022,41929.2,41715.7,42072.7,41658.9
902,18/01/2022,41705.1,42041.6,42492.0,41609.5
903,17/01/2022,42026.6,42623.5,42420.3,41931.5
904,16/01/2022,42721.7,43035.1,43179.6,42610.7
905,15/01/2022,43069.7,42937.5,43150.0,42873.1
906,14/01/2022,42878.6,42687.5,43179.0,42759.6
907,13/01/2022,42747.6,43632.1,42824.4,42380.9
908,12/01/2022,43618.7,42628.4,44039.1,43437.3
909,11/01/2022,42576.5,42325.5,42968.4,42476.7
910,10/01/2022,42191.0,42198.5,42377.3,41582.0
911,09/01/2022,42346.2,41809.4,42764.4,41260.9
912,08/01/2022,41976.8,41902.2,42168.4,41396.8
913,07/01/2022,41950.2,41656.7,42226.8,41551.3
914,06/01/2022,41628.5,43051.0,43127.7,41070.0
915,05/01/2022,42947.9,46398.9,43772.3,42615.8
916,04/01/2022,46439.5,46096.5,46536.5,45750.1
917,03/01/2022,46069.1,46825.2,46517.6,45967.2
918,02/01/2022,46819.5,46919.1,47292.0,46740.9
919,01/01/2022,47043.6,46709.5,47753.3,47043.6
920,31/12/2021,46762.2,47204.7,46925.4,46217.5
921,30/12/2021,47315.3,46503.3,47451.6,46835.4
922,29/12/2021,46773.0,48006.7,46922.0,46003.0
923,28/12/2021,47862.4,49821.4,48121.7,47484.8
924,27/12/2021,49151.8,51012.7,50703.8,48743.7
925,26/12/2021,51003.8,49701.7,51129.7,50459.0
926,25/12/2021,49819.5,50836.9,50663.2,49631.7
927,24/12/2021,50890.6,51038.4,51131.9,50633.8
928,23/12/2021,51052.0,48371.2,51521.4,50657.1
929,22/12/2021,48475.2,49227.0,48723.4,48089.3
930,21/12/2021,49302.3,48577.0,49540.3,48617.7
931,20/12/2021,48589.7,46990.8,48797.6,46654.0
932,19/12/2021,47133.6,47322.3,48068.4,46438.4
933,18/12/2021,48000.5,46418.4,48068.4,46438.4
934,17/12/2021,46421.2,47925.9,46493.4,45513.4
935,16/12/2021,47915.7,48756.4,47997.2,47500.5
936,15/12/2021,48788.9,48243.2,49256.4,48603.9
937,14/12/2021,48249.7,47007.0,48670.0,47868.7
938,13/12/2021,46988.2,49041.3,47210.1,46338.3
939,12/12/2021,49007.3,48864.0,50196.1,48483.9
940,11/12/2021,48922.7,48546.4,49652.7,48917.4
941,10/12/2021,48434.8,48205.8,48669.8,46834.0
942,09/12/2021,48234.5,49819.8,48751.2,47473.8
943,08/12/2021,49730.4,50230.2,50790.2,49501.1
944,07/12/2021,50189.3,50916.3,50799.1,50090.9
945,06/12/2021,50907.7,49004.9,51351.1,50378.7
946,05/12/2021,49059.0,48957.6,49457.2,48317.2
947,04/12/2021,48367.5,55320.6,53847.2,42587.8
948,03/12/2021,51422.3,56598.7,53847.2,51422.3
949,02/12/2021,56546.4,56509.6,56752.2,56116.3
950,01/12/2021,56496.9,57081.6,57377.5,55807.9
951,30/11/2021,57078.1,57209.6,57671.5,56715.0
952,29/11/2021,57219.4,57263.2,57961.1,56819.6
953,28/11/2021,57371.9,54045.0,58228.5,57157.7
954,27/11/2021,53998.0,54496.1,54804.3,53735.5
955,26/11/2021,54553.2,57900.3,54622.7,53654.3
956,25/11/2021,57815.7,57746.4,59151.1,57696.6
957,24/11/2021,57272.3,56402.5,58262.9,57127.1
958,23/11/2021,56578.8,56932.2,57697.4,56171.3
959,22/11/2021,56902.1,57399.8,57243.9,56024.2
960,21/11/2021,57290.0,58679.0,58719.7,57203.6
961,20/11/2021,58654.6,58543.1,59771.9,58598.5
962,19/11/2021,58425.7,55903.4,58982.4,57963.0
963,18/11/2021,56147.5,59862.2,57502.4,55626.3
964,17/11/2021,59941.3,59037.2,60936.9,59661.5
965,16/11/2021,58999.1,61258.5,60398.7,58584.0
966,15/11/2021,61418.5,65776.6,63605.6,60375.5
967,14/11/2021,65736.6,64743.7,66160.7,65514.9
968,13/11/2021,64749.6,63701.0,65289.1,64397.2
969,12/11/2021,63800.9,64921.3,64417.0,63584.4
970,11/11/2021,65005.4,64642.0,65449.7,64158.4
971,10/11/2021,64556.4,66644.3,65042.2,64121.9
972,09/11/2021,66627.7,68277.9,67357.6,66263.9
973,08/11/2021,68205.4,65181.3,68493.3,67169.7
974,07/11/2021,65164.5,62194.2,65575.3,63276.4
975,06/11/2021,62091.7,61132.9,62307.7,61347.2
976,05/11/2021,61078.6,62242.1,61289.5,60828.8
977,04/11/2021,62139.5,62439.2,62326.3,60856.7
978,03/11/2021,62464.0,63211.6,63077.6,62293.8
979,02/11/2021,63041.7,61091.8,63508.6,62810.7
980,01/11/2021,61098.7,59952.3,61523.4,60651.5
981,31/10/2021,60086.2,61699.2,61733.9,60019.3
982,30/10/2021,61648.6,61667.6,62393.7,61617.3
983,29/10/2021,61707.2,61661.1,62338.5,61646.6
984,28/10/2021,61558.1,58791.6,62009.1,60322.2
985,27/10/2021,58791.1,60536.2,58946.1,58128.1
986,26/10/2021,60708.6,62738.2,60830.4,60159.3
987,25/10/2021,62688.4,61955.9,63275.1,62647.9
988,24/10/2021,62094.3,61197.5,62214.4,60655.8
989,23/10/2021,61253.3,61133.6,61469.9,60829.3
990,22/10/2021,61162.7,62840.3,61243.3,60434.1
991,21/10/2021,63145.0,65070.5,63305.5,62152.8
992,20/10/2021,64998.5,63847.2,66004.7,64125.9
993,19/10/2021,63918.7,62603.8,64343.4,63750.8
994,18/10/2021,62643.6,62126.1,62954.0,61692.9
995,17/10/2021,62055.5,61133.8,62563.5,61415.4
996,16/10/2021,61159.0,61624.0,61333.9,60511.2
997,15/10/2021,61426.5,59435.5,61736.8,61123.2
998,14/10/2021,59323.5,58071.6,59417.7,56874.8
999,13/10/2021,58168.4,56279.9,58506.5,57149.8
1000,12/10/2021,56297.4,56673.3,56537.3,55845.3
1001,11/10/2021,56704.4,56505.4,57480.6,56438.3
1002,10/10/2021,56534.9,55076.9,56681.6,54457.8
1003,09/10/2021,54868.6,54583.6,55169.9,54100.8
1004,08/10/2021,54637.5,53802.5,54681.9,53711.7
1005,07/10/2021,53810.6,54818.2,54418.1,53716.1
1006,06/10/2021,54966.6,51537.3,55325.2,54162.7
1007,05/10/2021,51540.8,49302.5,51604.6,50993.0
1008,04/10/2021,49210.2,47486.7,49760.2,49060.1
1009,03/10/2021,47498.3,47882.1,48285.0,47398.7
1010,02/10/2021,47662.7,47533.6,47800.5,47123.0
1011,01/10/2021,47548.0,43621.5,48226.6,47509.1
1012,30/09/2021,43467.3,43627.3,44011.5,43292.9
1013,29/09/2021,43446.4,42162.2,43495.4,41416.7
1014,28/09/2021,42092.6,42553.8,42108.5,40815.0
1015,27/09/2021,43863.5,41960.3,44293.2,42949.7
1016,26/09/2021,43889.5,42199.8,44293.2,42949.7
1017,25/09/2021,42234.2,42634.9,42737.6,41943.9
1018,24/09/2021,42654.1,44289.0,42944.0,42073.8
1019,23/09/2021,44365.4,44070.0,44977.5,44336.6
1020,22/09/2021,43959.2,42051.4,44162.9,43090.1
1021,21/09/2021,42206.2,42684.5,42393.4,40585.7
1022,20/09/2021,42686.2,45584.9,43035.6,40401.5
1023,19/09/2021,45526.3,47840.2,47323.9,45310.7
1024,18/09/2021,47940.9,47926.1,48341.9,47650.8
1025,17/09/2021,47526.6,48032.7,47572.0,47070.5
1026,16/09/2021,47876.3,47625.4,48095.8,47466.5
1027,15/09/2021,47545.5,47091.9,48181.9,47358.8
1028,14/09/2021,47097.4,45193.2,47396.0,46953.7
1029,13/09/2021,45281.7,44845.0,45353.8,44718.7
1030,12/09/2021,44973.6,45319.6,46269.8,44830.0
1031,11/09/2021,45308.7,45190.1,45338.8,44755.2
1032,10/09/2021,45023.2,46721.5,45476.1,44766.6
1033,09/09/2021,46604.7,45973.9,47021.6,46287.7
1034,08/09/2021,45904.5,46444.2,46341.9,45609.0
1035,07/09/2021,46533.2,52649.9,47316.9,46329.3
1036,06/09/2021,52639.6,51601.2,52885.3,52388.6
1037,05/09/2021,50129.3,50099.3,50285.9,49492.4
1038,04/09/2021,49716.3,50280.5,50285.9,49705.6
1039,03/09/2021,50267.4,49485.2,50346.3,49603.1
1040,02/09/2021,49446.8,49567.0,49497.3,48377.3
1041,01/09/2021,49571.7,47050.5,49870.3,48612.9
1042,31/08/2021,46918.2,47151.5,47289.5,46533.1
1043,30/08/2021,47177.0,47964.3,47204.9,46709.3
1044,29/08/2021,47944.6,48231.9,48886.0,47822.7
1045,28/08/2021,48258.5,48862.5,49621.7,48101.9
1046,27/08/2021,48880.7,46822.3,49289.4,48846.4
1047,26/08/2021,46867.7,47263.6,49347.8,46584.0
1048,25/08/2021,47967.1,47993.2,49347.8,47898.8
1049,24/08/2021,48000.6,49341.6,48277.5,47669.8
1050,23/08/2021,49352.5,50263.4,49685.2,48812.4
1051,22/08/2021,50226.5,48807.3,50329.4,49099.0
1052,21/08/2021,48736.4,48834.5,49164.1,48623.7
1053,20/08/2021,48901.9,47056.5,49334.0,48744.8
1054,19/08/2021,47048.0,44073.6,47377.9,46646.8
1055,18/08/2021,44177.2,45048.2,45184.6,44086.7
1056,17/08/2021,44959.0,46393.3,45133.9,44230.0
1057,16/08/2021,46399.9,47375.4,46589.1,45323.2
1058,15/08/2021,47497.9,46870.1,48002.4,46814.1
1059,14/08/2021,47015.6,47546.0,47344.1,46928.0
1060,13/08/2021,47500.4,44950.2,47826.5,47408.6
1061,12/08/2021,44962.2,45916.8,45012.1,44242.4
1062,11/08/2021,46123.5,45585.1,46213.8,45432.5
1063,10/08/2021,45600.4,45714.8,45983.0,45367.9
1064,09/08/2021,45689.8,43504.9,46663.4,45659.4
1065,08/08/2021,43552.4,44327.7,43958.6,42824.1
1066,07/08/2021,44307.8,43712.7,44749.5,43842.5
1067,06/08/2021,43672.9,40223.3,43707.4,42611.0
1068,05/08/2021,40166.6,39433.6,40979.0,39967.4
1069,04/08/2021,39431.3,37972.1,39834.2,39202.6
1070,03/08/2021,38054.8,38653.8,38555.5,37904.4
1071,02/08/2021,38569.7,39789.5,39766.6,38543.5
1072,01/08/2021,39782.5,42446.5,40078.5,39306.9
1073,31/07/2021,42281.8,41818.0,42361.8,41123.8
1074,30/07/2021,41914.8,39981.7,42285.3,41645.5
1075,29/07/2021,39976.3,39657.8,40245.6,39769.8
1076,28/07/2021,39740.4,39845.0,40205.2,39340.8
1077,27/07/2021,39831.3,36552.0,40296.4,38946.6
1078,26/07/2021,36914.2,38072.6,37514.9,36427.4
1079,25/07/2021,38138.0,33824.8,39639.9,35236.7
1080,24/07/2021,34234.5,33670.3,34302.5,33956.8
1081,23/07/2021,33611.3,32591.5,33776.7,33412.9
1082,22/07/2021,32537.4,31941.1,32746.2,32215.0
1083,21/07/2021,31960.1,29841.3,32352.3,31803.1
1084,20/07/2021,29849.9,29609.5,29901.8,29519.3
1085,19/07/2021,29619.3,31553.7,31040.8,29574.0
1086,18/07/2021,31577.7,32151.5,31838.7,31462.8
1087,17/07/2021,32132.1,31310.2,32408.2,31490.2
1088,16/07/2021,31326.6,31899.8,31616.8,31207.8
1089,15/07/2021,31906.4,32760.4,32016.9,31581.1
1090,14/07/2021,32711.8,32543.1,33157.0,32657.7
1091,13/07/2021,31785.0,33075.9,32778.8,31695.8
1092,12/07/2021,33139.4,34267.6,33220.4,32839.5
1093,11/07/2021,34504.4,33535.6,34507.9,34077.1
1094,10/07/2021,33461.4,33725.0,33794.9,33434.4
1095,09/07/2021,33827.8,32747.0,34221.0,33678.0
1096,08/07/2021,32956.6,33372.9,32993.5,32367.0
1097,07/07/2021,33359.6,34444.3,33923.2,33095.9
1098,06/07/2021,34428.1,33923.3,34495.7,33966.6
1099,05/07/2021,33883.2,34371.6,34157.4,33669.5
1100,04/07/2021,34334.7,34742.8,35300.5,34309.2
1101,03/07/2021,34771.6,33299.0,34909.8,33363.3
1102,02/07/2021,33396.0,32909.5,33895.1,33363.3
1103,01/07/2021,32895.6,34155.1,33925.9,32778.7
1104,30/06/2021,34202.6,35071.7,35030.7,34174.5
1105,29/06/2021,35254.7,34584.1,36089.5,35148.9
1106,28/06/2021,34555.3,34396.1,35125.8,34247.6
1107,27/06/2021,34458.7,33152.6,34884.0,34319.5
1108,26/06/2021,33189.6,32000.0,33192.3,32041.7
1109,25/06/2021,32063.6,35103.5,32214.2,31360.1
1110,24/06/2021,35098.7,32612.9,35490.9,34304.2
1111,23/06/2021,32466.3,33989.2,33798.6,32376.2
1112,22/06/2021,33811.7,33028.2,34236.2,31736.5
1113,21/06/2021,33025.6,34691.0,33181.2,31216.0
1114,20/06/2021,34681.0,35531.9,35708.4,34676.1
1115,19/06/2021,35636.2,35084.1,35788.1,35176.2
1116,18/06/2021,34963.5,37925.6,36283.5,34845.5
1117,17/06/2021,37940.2,38862.5,38166.0,37231.8
1118,16/06/2021,38834.5,40031.8,38963.7,38231.4
1119,15/06/2021,40023.9,40403.5,40167.5,39645.3
1120,14/06/2021,40479.3,38995.2,40838.1,39920.0
1121,13/06/2021,38826.4,34881.8,39784.6,38769.9
1122,12/06/2021,34950.8,35585.4,35903.9,34876.1
1123,11/06/2021,35339.5,36758.6,37437.3,35335.8
1124,10/06/2021,36665.9,36955.5,37177.3,36003.3
1125,09/06/2021,37012.9,32881.0,37595.3,36759.8
1126,08/06/2021,32952.3,32819.6,33502.8,32428.6
1127,07/06/2021,32869.0,36384.0,34047.8,32447.0
1128,06/06/2021,36404.7,36002.2,36754.6,35576.3
1129,05/06/2021,35968.9,37400.3,36225.5,35421.5
1130,04/06/2021,37419.3,37928.2,37811.3,36666.8
1131,03/06/2021,37877.1,37636.0,39255.4,37442.6
1132,02/06/2021,37581.7,36479.5,37812.7,37193.6
1133,01/06/2021,36395.6,36699.5,36856.2,35981.1
1134,31/05/2021,36617.3,34503.3,37850.3,36539.1
1135,30/05/2021,34408.7,34780.3,35931.9,34330.2
1136,29/05/2021,34670.7,36465.5,34773.6,33441.0
1137,28/05/2021,36324.7,38279.0,36717.8,35651.4
1138,27/05/2021,37973.8,37616.5,38844.1,37790.4
1139,26/05/2021,37470.0,39562.9,39249.0,37190.8
1140,25/05/2021,39444.5,38360.3,39497.3,37847.0
1141,24/05/2021,38288.4,35268.6,39740.8,37875.1
1142,23/05/2021,35298.3,37460.4,35863.1,34715.3
1143,22/05/2021,37436.4,36979.4,38248.7,36822.9
1144,21/05/2021,36906.3,40710.8,38056.8,36606.7
1145,20/05/2021,40779.5,38170.6,42108.3,40521.5
1146,19/05/2021,38220.1,40491.1,38573.3,35010.4
1147,18/05/2021,40569.0,45042.4,43516.6,40164.2
1148,17/05/2021,44847.2,44482.0,45231.4,43186.8
1149,16/05/2021,43493.4,48167.2,46545.4,43072.5
1150,15/05/2021,47875.9,50046.3,48323.8,46574.6
1151,14/05/2021,49762.8,49176.2,50640.9,49303.7
1152,13/05/2021,49391.5,50260.7,50387.3,49258.0
1153,12/05/2021,49715.2,57762.7,50843.0,46331.1
1154,11/05/2021,57752.6,55164.2,57753.0,56597.1
1155,10/05/2021,55126.4,59400.6,56384.2,54550.4
1156,09/05/2021,59352.4,58585.3,59426.6,58066.0
1157,08/05/2021,58976.3,58110.5,59227.0,58391.4
1158,07/05/2021,58058.1,55732.0,58412.9,56972.2
1159,06/05/2021,55920.0,56835.9,57080.7,55533.7
1160,05/05/2021,56860.9,55024.5,57560.8,56623.5
1161,04/05/2021,55085.6,55745.7,55088.1,53872.5
1162,03/05/2021,55470.2,57953.7,57201.3,54735.3
1163,02/05/2021,57961.5,56532.2,58261.4,56562.4
1164,01/05/2021,56591.0,58189.8,57868.4,56556.1
1165,30/04/2021,58188.8,53706.0,58449.4,57528.9
1166,29/04/2021,53667.0,54270.4,53802.7,53088.7
1167,28/04/2021,54165.8,54818.7,55173.7,54164.4
1168,27/04/2021,55019.8,53505.3,55718.8,54871.9
1169,26/04/2021,53527.9,52388.1,54120.6,53431.1
1170,25/04/2021,52265.6,49690.8,52420.9,48815.9
1171,24/04/2021,49705.9,50128.7,50438.8,49658.6
1172,23/04/2021,50207.0,50294.7,51183.0,49380.6
1173,22/04/2021,50197.1,53456.3,52099.9,48788.3
1174,21/04/2021,53351.4,55256.9,54606.2,52585.9
1175,20/04/2021,55500.5,54709.0,56764.4,55447.9
1176,19/04/2021,54759.9,57060.2,55776.8,54404.6
1177,18/04/2021,57230.4,55371.5,57275.2,55767.0
1178,17/04/2021,53728.9,62404.8,60362.1,51817.6
1179,16/04/2021,62376.3,62936.8,62509.1,61155.6
1180,15/04/2021,63063.3,63055.8,63518.5,62738.3
1181,14/04/2021,63001.1,63715.3,63347.3,62361.7
1182,13/04/2021,63809.0,60496.3,63818.7,63080.7
1183,12/04/2021,60535.5,60350.4,61068.3,59839.4
1184,11/04/2021,60211.2,60267.1,60311.3,59598.2
1185,10/04/2021,60319.8,59206.4,60667.1,59640.8
1186,09/04/2021,59119.4,58010.7,59149.9,57900.0
1187,08/04/2021,58081.2,56565.9,58391.3,57832.9
1188,07/04/2021,56580.9,57900.4,56674.6,55721.6
1189,06/04/2021,57907.1,58611.7,58192.7,57286.9
1190,05/04/2021,58800.4,57452.1,59487.0,58662.0
1191,04/04/2021,57555.1,57541.4,58355.0,57497.6
1192,03/04/2021,57325.1,59216.6,57448.9,56470.6
1193,02/04/2021,59205.3,59676.4,59414.0,58948.5
1194,01/04/2021,59733.7,59083.4,60134.9,58496.3
1195,31/03/2021,58995.8,58673.7,59309.8,58738.9
1196,30/03/2021,58534.6,57320.0,59030.2,58429.8
1197,29/03/2021,57141.0,55344.1,57752.7,57128.3
1198,28/03/2021,55393.9,55791.9,55899.4,55002.9
1199,27/03/2021,56133.6,54786.9,56174.8,55645.5
1200,26/03/2021,54751.7,51667.2,55532.1,54551.8
1201,25/03/2021,52428.5,52189.3,52669.2,51306.1
1202,24/03/2021,52136.7,54447.1,52763.0,51561.3
1203,23/03/2021,54444.7,54517.9,54716.8,53579.1
1204,22/03/2021,54577.0,57558.1,55287.5,53842.1
1205,21/03/2021,57316.4,57809.8,57443.4,56357.5
1206,20/03/2021,57754.5,58419.7,58583.8,57471.4
1207,19/03/2021,58296.2,57773.0,58877.5,57863.0
1208,18/03/2021,57859.3,58724.5,57876.5,56305.1
1209,17/03/2021,58727.6,55489.5,59489.4,58621.9
1210,16/03/2021,55835.2,54277.3,57121.0,55683.4
1211,15/03/2021,54269.4,60347.5,56024.1,53342.6
1212,14/03/2021,60375.5,61350.2,60459.9,58859.0
1213,13/03/2021,61218.9,56865.6,61673.7,60755.8
1214,12/03/2021,56485.1,56702.6,57271.8,56118.8
1215,11/03/2021,56710.6,55812.7,58052.3,56545.9
1216,10/03/2021,55667.1,53694.3,56461.0,55168.1
1217,09/03/2021,53565.5,53714.1,55772.3,53187.5
1218,08/03/2021,53878.4,50450.8,54077.9,51941.3
1219,07/03/2021,50411.2,49485.6,51801.1,50141.4
1220,06/03/2021,49501.2,48467.1,49881.4,48890.6
1221,05/03/2021,48447.7,46677.4,49132.7,48166.4
1222,04/03/2021,47132.0,49029.8,48363.6,46370.1
1223,03/03/2021,49278.1,49126.2,51757.7,49111.5
1224,02/03/2021,49207.5,49161.1,49309.1,48159.2
1225,01/03/2021,49053.0,46464.4,50191.9,48662.2
1226,28/02/2021,46566.6,44403.5,46809.5,45008.8
1227,27/02/2021,44741.0,47686.9,46582.0,44346.9
1228,26/02/2021,47762.9,47011.8,48018.5,46205.2
1229,25/02/2021,47020.0,49651.9,47749.1,46051.2
1230,24/02/2021,49822.7,50783.0,50857.8,49597.9
1231,23/02/2021,50884.3,50636.7,51299.1,47031.7
1232,22/02/2021,50379.0,55807.3,54115.0,50161.2
1233,21/02/2021,55531.8,56715.9,57480.5,55128.5
1234,20/02/2021,56537.3,55829.6,56895.2,55502.7
1235,19/02/2021,55941.9,51162.8,56552.6,55415.1
1236,18/02/2021,51137.3,52170.7,51925.3,50816.8
1237,17/02/2021,52070.7,49360.2,52524.0,51731.3
1238,16/02/2021,49273.4,49349.4,50209.6,49018.1
1239,15/02/2021,49224.3,46875.7,49951.0,47044.4
1240,14/02/2021,46784.5,47558.1,48936.5,45786.1
1241,13/02/2021,47564.1,47840.0,47698.3,47051.9
1242,12/02/2021,47856.3,47309.6,48097.3,47271.0
1243,11/02/2021,47123.7,44648.8,48927.4,46950.9
1244,10/02/2021,44618.5,46022.3,44993.5,44041.0
1245,09/02/2021,46010.7,46841.3,46865.5,45652.1
1246,08/02/2021,46400.5,38596.3,47405.3,45603.3
1247,07/02/2021,38611.7,38328.5,39123.6,38057.0
1248,06/02/2021,37990.1,39208.2,39611.9,37987.2
1249,05/02/2021,39259.4,37284.7,39653.1,38275.3
1250,04/02/2021,37299.4,37696.7,37488.4,36640.0
1251,03/02/2021,37634.5,36618.4,38298.5,37375.9
1252,02/02/2021,36609.2,33904.7,36843.5,35401.5
1253,01/02/2021,33869.6,33554.3,34150.4,33462.4
1254,31/01/2021,33580.3,34031.8,33937.7,32324.9
1255,30/01/2021,33930.3,33512.0,34348.3,33687.3
1256,29/01/2021,33424.5,33762.7,34920.9,32908.5
1257,28/01/2021,33093.1,31342.0,34325.8,32839.8
1258,27/01/2021,31258.1,31887.7,31602.0,29911.9
1259,26/01/2021,31721.7,32027.9,32545.4,31556.2
1260,25/01/2021,32007.5,33397.7,32820.1,31493.3
1261,24/01/2021,33348.7,32838.3,33739.5,32205.1
1262,23/01/2021,32659.8,32598.5,32702.9,31692.5
1263,22/01/2021,32635.2,30933.8,32994.1,32088.2
1264,21/01/2021,30812.8,34249.9,31380.0,28871.2
1265,20/01/2021,34462.6,35261.1,35591.1,34256.8
1266,19/01/2021,35386.8,36332.8,36384.4,34857.0
1267,18/01/2021,36406.6,35132.9,37270.5,36360.3
1268,17/01/2021,34976.6,35857.6,36195.2,34890.7
1269,16/01/2021,35955.7,36582.2,36723.7,35592.7
1270,15/01/2021,36549.4,38459.4,37608.6,36022.9
1271,14/01/2021,38569.2,37485.3,39715.0,38354.6
1272,13/01/2021,37370.9,33179.3,38133.2,36772.1
1273,12/01/2021,33168.2,35278.4,34297.0,32451.9
1274,11/01/2021,34771.4,35567.4,35490.0,33729.6
1275,10/01/2021,35633.7,40378.2,38217.2,33688.8
1276,09/01/2021,40390.8,40236.9,41362.4,40149.7
1277,08/01/2021,40378.7,38721.8,40950.2,39556.7
1278,07/01/2021,38713.3,37492.9,39701.2,36613.4
1279,06/01/2021,37490.0,35320.3,37714.8,36494.1
1280,05/01/2021,35228.7,30918.3,35739.4,33408.3
1281,04/01/2021,31381.1,33288.9,32846.9,30460.5
1282,03/01/2021,33328.7,33238.9,33587.5,32453.1
1283,02/01/2021,32861.6,29382.6,32884.7,32029.6
1284,01/01/2021,29400.6,29245.0,29496.7,29008.0
1285,31/12/2020,29238.8,29024.8,29482.3,28724.3
1286,30/12/2020,28940.6,27903.6,29298.8,28334.2
1287,29/12/2020,27838.5,26443.7,28192.6,27377.0
1288,28/12/2020,26381.2,26847.4,27089.4,26205.1
1289,27/12/2020,26946.1,26715.1,27331.6,26144.3
1290,26/12/2020,26710.9,24811.2,26937.5,26438.4
1291,25/12/2020,24911.2,23603.6,25011.0,24515.1
1292,24/12/2020,23577.7,23023.4,23814.1,23445.3
1293,23/12/2020,22977.4,23470.0,23253.2,22737.3
1294,22/12/2020,23516.6,22948.2,24028.9,23500.7
1295,21/12/2020,22954.2,23912.5,23060.8,22481.0
1296,20/12/2020,23901.2,23410.0,24101.9,23321.1
1297,19/12/2020,23300.3,23047.1,23843.6,23098.9
1298,18/12/2020,23083.2,22867.7,23229.1,22923.1
1299,17/12/2020,22947.3,21786.2,23241.3,22493.9
1300,16/12/2020,21837.6,19335.0,22148.4,21243.1
1301,15/12/2020,19381.2,19484.8,19491.7,19299.7
1302,14/12/2020,19309.3,19265.1,19556.3,19250.3
1303,13/12/2020,19083.0,18790.9,19326.2,19007.0
1304,12/12/2020,18867.2,18277.1,18883.6,18716.8
1305,11/12/2020,18384.0,17962.6,18390.1,18025.1
1306,10/12/2020,17984.0,18400.6,18288.3,17733.8
1307,09/12/2020,18455.5,18153.8,18551.8,18339.6
1308,08/12/2020,18217.9,19182.5,18371.5,18053.0
1309,07/12/2020,19178.5,19290.0,19236.0,19141.1
1310,06/12/2020,19288.8,19191.3,19424.6,19166.9
1311,05/12/2020,19203.7,18816.8,19340.1,19141.0
1312,04/12/2020,18884.1,19170.8,18921.3,18507.1
1313,03/12/2020,19288.2,19040.9,19529.5,19140.2
1314,02/12/2020,19065.4,18519.1,19295.0,18954.6
1315,01/12/2020,18507.3,19380.4,18954.5,18346.7
1316,30/11/2020,19466.8,18535.0,19717.6,19366.8
1317,29/11/2020,18511.3,17771.7,18616.7,18186.0
1318,28/11/2020,17791.7,16969.4,17864.0,17530.4
1319,27/11/2020,16938.7,17070.3,17191.5,16915.9
1320,26/11/2020,17071.3,17757.1,17450.3,17037.8
1321,25/11/2020,17777.1,18690.9,18894.9,17279.7
1322,24/11/2020,18779.6,18448.2,19216.6,18769.4
1323,23/11/2020,18423.7,18461.3,18527.7,18230.0
1324,22/11/2020,18453.4,18593.9,18516.7,18016.0
1325,21/11/2020,18582.4,18583.1,18751.5,18367.6
1326,20/11/2020,18614.6,18195.0,18966.0,18467.5
1327,19/11/2020,18180.0,17847.3,18225.4,17758.4
1328,18/11/2020,17843.5,18377.9,18054.8,17594.6
1329,17/11/2020,18376.8,16672.6,18393.2,17613.2
1330,16/11/2020,16648.2,16032.5,16825.9,16562.0
1331,15/11/2020,16004.3,15937.4,16042.1,15870.7
1332,14/11/2020,15924.2,16149.6,16102.3,15879.5
1333,13/11/2020,16116.8,16405.1,16328.2,16111.2
1334,12/11/2020,16395.1,15666.2,16474.1,16270.7
1335,11/11/2020,15659.1,15372.5,15712.1,15483.5
1336,10/11/2020,15385.2,15385.1,15497.5,15281.0
1337,09/11/2020,15396.9,15385.7,15431.2,15192.7
1338,08/11/2020,15395.6,14967.7,15598.4,15364.2
1339,07/11/2020,15030.2,15556.5,15106.5,14720.7
1340,06/11/2020,15498.7,15463.3,15754.4,15471.1
1341,05/11/2020,15548.2,14293.3,15955.2,15433.0
1342,04/11/2020,14292.5,13908.9,14358.6,14099.7
1343,03/11/2020,13897.3,13419.7,14034.5,13704.8
1344,02/11/2020,13419.0,13698.9,13640.2,13321.2
1345,01/11/2020,13666.5,13677.2,13828.4,13655.0
1346,31/10/2020,13659.0,13491.7,13889.5,13659.0
1347,30/10/2020,13471.3,13434.0,13731.5,13441.7
1348,29/10/2020,13452.7,13280.8,13655.7,13363.1
1349,28/10/2020,13266.6,13785.0,13308.6,13180.8
1350,27/10/2020,13799.5,13082.2,13851.7,13637.3
1351,26/10/2020,13090.0,13100.9,13125.2,13050.3
1352,25/10/2020,13101.3,13298.6,13129.3,12982.5
1353,24/10/2020,13303.9,12972.0,13343.9,13077.8
1354,23/10/2020,12982.1,12966.3,13013.7,12876.4
1355,22/10/2020,12958.2,12726.0,13005.1,12842.7
1356,21/10/2020,12770.2,12187.8,12928.1,12718.1
1357,20/10/2020,12195.9,11743.2,12232.6,11894.6
1358,19/10/2020,11756.5,11421.2,11760.8,11685.7
1359,18/10/2020,11430.9,11370.6,11529.8,11427.2
1360,17/10/2020,11372.3,11365.6,11399.5,11349.8
1361,16/10/2020,11355.2,11508.9,11358.0,11274.4
1362,15/10/2020,11499.0,11377.5,11542.2,11474.9
1363,14/10/2020,11376.5,11392.8,11426.4,11361.7
1364,13/10/2020,11442.7,11457.4,11485.6,11413.8
1365,12/10/2020,11469.1,11386.4,11540.4,11436.9
1366,11/10/2020,11395.5,11333.0,11408.8,11348.5
1367,10/10/2020,11327.2,11410.8,11394.5,11277.6
1368,09/10/2020,11419.8,10889.9,11475.0,11053.5
1369,08/10/2020,10896.3,10642.5,10939.1,10868.4
1370,07/10/2020,10645.4,10577.1,10672.1,10619.9
1371,06/10/2020,10588.9,10766.7,10604.3,10553.3
1372,05/10/2020,10778.5,10667.2,10800.3,10743.2
1373,04/10/2020,10684.2,10547.2,10729.9,10659.4
1374,03/10/2020,10545.4,10556.6,10560.3,10520.8
1375,02/10/2020,10552.7,10646.8,10576.8,10523.4
1376,01/10/2020,10613.6,10798.4,10627.6,10585.9
1377,30/09/2020,10801.9,10747.7,10855.5,10776.6
1378,29/09/2020,10768.5,10688.6,10847.7,10757.2
1379,28/09/2020,10697.8,10908.7,10728.5,10667.8
1380,27/09/2020,10895.8,10779.4,10946.6,10776.4
1381,26/09/2020,10778.7,10710.3,10799.2,10722.4
1382,25/09/2020,10706.4,10710.7,10745.6,10650.2
1383,24/09/2020,10685.4,10299.5,10753.5,10685.4
1384,23/09/2020,10300.2,10515.5,10336.1,10201.0
1385,22/09/2020,10485.9,10445.5,10535.0,10485.4
1386,21/09/2020,10450.9,10963.6,10488.6,10374.4
1387,20/09/2020,10957.9,10950.7,10977.0,10895.7
1388,19/09/2020,10950.5,10977.6,11081.6,10908.5
1389,18/09/2020,10960.0,10927.1,10977.8,10933.1
1390,17/09/2020,10938.2,10873.6,10956.3,10890.8
1391,16/09/2020,10887.4,10780.9,11039.3,10885.8
1392,15/09/2020,10762.2,10752.0,10790.1,10669.2
1393,14/09/2020,10739.2,10352.1,10832.3,10652.9
1394,13/09/2020,10353.0,10551.7,10369.3,10264.5
1395,12/09/2020,10546.3,10344.1,10556.3,10411.2
1396,11/09/2020,10351.7,10218.4,10393.5,10326.0
1397,10/09/2020,10222.9,10377.4,10377.5,10212.6
1398,09/09/2020,10365.6,10028.2,10408.9,10219.2
1399,08/09/2020,10000.4,10305.4,10149.0,9984.6
1400,07/09/2020,10305.7,10205.3,10434.4,10305.5
1401,06/09/2020,10195.3,10169.2,10296.4,10193.9
1402,05/09/2020,10169.7,10411.5,10239.9,10067.4
1403,04/09/2020,10432.4,10249.0,10558.7,10392.3
1404,03/09/2020,10249.6,11375.5,10329.9,10098.1
1405,02/09/2020,11375.1,11830.2,11437.4,11359.0
1406,01/09/2020,11844.4,11682.8,11947.5,11821.6
1407,31/08/2020,11674.8,11669.1,11692.0,11544.6
1408,30/08/2020,11668.4,11603.0,11712.2,11659.3
1409,29/08/2020,11600.8,11502.0,11623.6,11462.6
1410,28/08/2020,11496.2,11379.3,11539.8,11468.2
1411,27/08/2020,11368.0,11390.2,11396.1,11281.9
1412,26/08/2020,11401.6,11365.2,11479.7,11367.4
1413,25/08/2020,11350.2,11673.4,11401.0,11256.8
1414,24/08/2020,11690.4,11675.2,11766.9,11661.1
1415,23/08/2020,11666.8,11596.5,11681.1,11587.1
1416,22/08/2020,11591.8,11476.6,11680.5,11583.3
1417,21/08/2020,11468.1,11867.5,11536.9,11382.1
1418,20/08/2020,11847.5,11697.0,11877.4,11783.6
1419,19/08/2020,11718.0,11834.5,11822.2,11703.4
1420,18/08/2020,11855.9,12298.3,12013.2,11844.8
1421,17/08/2020,12283.0,11838.0,12381.4,12273.5
1422,16/08/2020,11857.3,11917.5,11919.7,11764.0
1423,15/08/2020,11904.6,11876.0,11909.7,11782.7
1424,14/08/2020,11865.4,11720.7,11962.9,11750.7
1425,13/08/2020,11735.7,11573.4,11820.3,11668.5
1426,12/08/2020,11575.9,11370.5,11652.1,11536.3
1427,11/08/2020,11354.3,11831.1,11408.8,11233.3
1428,10/08/2020,11823.1,11998.9,11931.8,11819.0
1429,09/08/2020,12008.2,11735.5,12041.1,11681.1
1430,08/08/2020,11743.6,11550.1,11792.8,11669.7
1431,07/08/2020,11549.1,11827.6,11650.4,11537.6
1432,06/08/2020,11850.5,11651.1,11901.8,11740.0
1433,05/08/2020,11653.3,11233.6,11790.2,11606.3
1434,04/08/2020,11221.5,11259.8,11228.3,11114.5
1435,03/08/2020,11254.1,11132.5,11407.8,11222.2
1436,02/08/2020,11157.1,11968.2,11202.7,10981.6
1437,01/08/2020,11941.5,11360.7,11943.4,11754.8
1438,31/07/2020,11387.8,10972.3,11394.3,11226.1
1439,30/07/2020,10980.8,10987.6,11124.4,10964.6
1440,29/07/2020,10999.0,10970.9,11114.4,10959.9
1441,28/07/2020,10956.7,10964.8,10989.8,10771.8
1442,27/07/2020,10935.6,10196.0,11229.1,10854.2
1443,26/07/2020,10192.0,9666.2,10211.2,9894.6
1444,25/07/2020,9666.3,9582.9,9690.7,9645.9
1445,24/07/2020,9589.0,9559.9,9612.7,9536.2
1446,23/07/2020,9560.0,9489.5,9599.8,9545.0
1447,22/07/2020,9488.8,9360.7,9522.9,9470.7
1448,21/07/2020,9361.9,9179.7,9389.0,9353.7
1449,20/07/2020,9178.4,9190.7,9194.6,9155.1
1450,19/07/2020,9188.5,9156.1,9218.4,9177.0
1451,18/07/2020,9157.0,9138.1,9179.7,9144.6
1452,17/07/2020,9139.4,9119.5,9167.0,9128.1
1453,16/07/2020,9110.1,9202.3,9141.4,9107.6
1454,15/07/2020,9200.1,9234.7,9224.2,9183.0
1455,14/07/2020,9242.1,9219.9,9270.2,9240.2
1456,13/07/2020,9224.1,9272.7,9245.6,9219.0
1457,12/07/2020,9274.2,9271.1,9319.9,9270.1
1458,11/07/2020,9276.5,9268.0,9286.0,9232.0
1459,10/07/2020,9263.8,9224.9,9295.5,9261.6
1460,09/07/2020,9215.5,9385.3,9239.6,9206.5
1461,08/07/2020,9382.5,9309.3,9434.5,9361.3
1462,07/07/2020,9300.5,9293.0,9319.9,9233.1
1463,06/07/2020,9299.5,9090.1,9371.2,9266.3
1464,05/07/2020,9088.7,9133.8,9114.1,9063.2
1465,04/07/2020,9134.9,9084.2,9149.6,9114.0
1466,03/07/2020,9086.1,9097.4,9100.0,9053.0
1467,02/07/2020,9202.0,9150.6,9259.7,9179.5
1468,01/07/2020,9233.4,9134.9,9259.7,9225.2
1469,30/06/2020,9124.2,9166.4,9148.0,9101.1
1470,29/06/2020,9171.7,9101.3,9199.8,9158.7
1471,28/06/2020,9104.5,8971.0,9148.6,9097.1
1472,27/06/2020,8970.6,9161.7,9008.2,8950.2
1473,26/06/2020,9163.1,9245.1,9179.8,9113.9
1474,25/06/2020,9249.4,9098.7,9296.5,9194.3
1475,24/06/2020,9074.7,9649.9,9306.0,9022.6
1476,23/06/2020,9645.9,9655.5,9663.7,9614.8
1477,22/06/2020,9651.7,9383.5,9715.6,9609.3
1478,21/06/2020,9378.5,9371.1,9395.2,9285.8
1479,20/06/2020,9362.0,9332.0,9397.7,9349.1
1480,19/06/2020,9331.8,9280.8,9350.1,9294.2
1481,18/06/2020,9267.9,9428.9,9390.3,9249.6
1482,17/06/2020,9436.3,9461.9,9468.8,9403.4
1483,16/06/2020,9461.8,9558.0,9532.3,9423.8
1484,15/06/2020,9549.2,9166.7,9570.7,9379.3
1485,14/06/2020,9438.5,9419.3,9474.7,9387.5
1486,13/06/2020,9431.5,9411.4,9474.7,9428.7
1487,12/06/2020,9421.4,9365.1,9475.8,9415.5
1488,11/06/2020,9381.5,9887.3,9391.3,9249.4
1489,10/06/2020,9878.7,9753.7,9945.2,9871.0
1490,09/06/2020,9754.2,9679.4,9805.8,9745.0
1491,08/06/2020,9682.9,9724.4,9857.2,9616.6
1492,07/06/2020,9718.6,9689.0,9770.5,9708.5
1493,06/06/2020,9697.6,9631.3,9701.9,9637.3
1494,05/06/2020,9616.2,9794.5,9629.3,9549.5
1495,04/06/2020,9555.0,9527.4,9686.1,9537.6
1496,03/06/2020,9681.7,9494.1,9686.1,9617.6
1497,02/06/2020,9496.0,10093.9,9538.1,9483.4
1498,01/06/2020,10080.8,9552.8,10207.3,10050.4
1499,31/05/2020,9554.4,9533.1,9695.6,9529.8
1500,30/05/2020,9587.2,9394.5,9695.6,9567.5
1501,29/05/2020,9380.9,9519.9,9428.5,9352.7
1502,28/05/2020,9525.3,9173.1,9596.5,9468.1
1503,27/05/2020,9170.4,8831.8,9268.8,9168.8
1504,26/05/2020,8850.5,8901.8,8891.0,8818.6
1505,25/05/2020,8918.6,8786.4,8922.9,8836.6
1506,24/05/2020,8773.7,9195.4,8817.9,8666.1
1507,23/05/2020,9201.0,9284.2,9229.5,9129.7
1508,22/05/2020,9275.5,8995.1,9303.2,9169.7
1509,21/05/2020,8998.3,9479.3,9129.2,8983.7
1510,20/05/2020,9477.8,9721.8,9567.1,9463.1
1511,19/05/2020,9722.1,9537.9,9788.8,9708.4
1512,18/05/2020,9524.6,9856.6,9737.8,9524.6
1513,17/05/2020,9856.5,9543.2,9930.2,9678.9
1514,16/05/2020,9559.1,9411.1,9570.4,9327.8
1515,15/05/2020,9419.9,9483.6,9451.9,9233.0
1516,14/05/2020,9497.4,9338.5,9819.6,9319.3
1517,13/05/2020,9329.9,8908.7,9364.5,9265.8
1518,12/05/2020,8913.3,8717.0,8964.7,8799.1
1519,11/05/2020,8727.8,8697.6,8729.7,8542.8
1520,10/05/2020,8659.3,9753.0,9569.4,8259.3
1521,09/05/2020,8635.1,9868.2,9569.4,8259.3
1522,08/05/2020,9873.7,9914.8,9910.5,9747.2
1523,07/05/2020,9925.1,9271.8,10018.2,9845.8
1524,06/05/2020,9263.6,8962.9,9338.2,9064.8
1525,05/05/2020,8995.9,8855.8,9038.2,8923.6
1526,04/05/2020,8870.5,8728.4,8920.7,8831.4
1527,03/05/2020,8747.9,9131.1,8926.2,8665.7
1528,02/05/2020,9137.7,8840.9,9169.9,8935.0
1529,01/05/2020,8845.2,8672.4,8858.9,8775.4
1530,30/04/2020,8673.9,9279.1,8758.1,8621.0
1531,29/04/2020,9185.7,7809.1,9187.7,8717.3
1532,28/04/2020,7801.0,7708.9,7822.6,7729.7
1533,27/04/2020,7706.2,7725.3,7770.1,7674.0
1534,26/04/2020,7723.7,7569.6,7768.4,7676.1
1535,25/04/2020,7569.2,7512.2,7586.4,7527.0
1536,24/04/2020,7510.2,7520.8,7516.9,7451.0
1537,23/04/2020,7520.8,7113.7,7541.5,7474.3
1538,22/04/2020,7129.2,6856.8,7169.6,7092.2
1539,21/04/2020,6852.0,6858.2,6879.7,6821.8
1540,20/04/2020,6854.9,7162.5,6907.7,6818.9
1541,19/04/2020,7162.6,7209.5,7187.7,7086.1
1542,18/04/2020,7209.4,7087.7,7238.0,7182.4
1543,17/04/2020,7083.3,7084.6,7105.9,7031.5
1544,16/04/2020,7076.6,6651.2,7118.5,7039.7
1545,15/04/2020,6659.5,6907.0,6663.2,6520.5
1546,14/04/2020,6902.3,6881.6,6903.2,6800.6
1547,13/04/2020,6884.9,6678.7,6899.5,6807.0
1548,12/04/2020,6684.4,6810.9,6920.1,6632.7
1549,11/04/2020,6808.9,6900.0,6889.8,6805.7
1550,10/04/2020,6901.0,7176.7,6915.5,6840.6
1551,09/04/2020,7169.3,7288.6,7294.4,7166.6
1552,08/04/2020,7281.3,7349.8,7360.7,7268.4
1553,07/04/2020,7356.8,7323.0,7370.1,7153.1
1554,06/04/2020,7304.8,6842.0,7440.3,7263.5
1555,05/04/2020,6836.3,6798.4,6875.8,6770.1
1556,04/04/2020,6804.7,6704.5,6889.4,6794.5
1557,03/04/2020,6706.4,6785.7,6785.3,6682.6
1558,02/04/2020,6799.3,6607.5,6830.2,6727.8
1559,01/04/2020,6594.4,6370.5,6727.0,6567.9
1560,31/03/2020,6346.7,6443.5,6425.5,6273.6
1561,30/03/2020,6454.3,6007.6,6513.1,6385.6
1562,29/03/2020,5998.8,6211.0,6022.8,5872.5
1563,28/03/2020,6214.5,6257.4,6258.8,6185.3
1564,27/03/2020,6122.4,6778.2,6374.3,6085.1
1565,26/03/2020,6782.0,6687.3,6813.7,6727.8
1566,25/03/2020,6726.3,6599.7,6772.9,6659.4
1567,24/03/2020,6571.6,6588.4,6744.8,6542.3
1568,23/03/2020,6547.6,5898.5,6643.2,6462.4
1569,22/03/2020,5977.5,6273.3,5986.6,5710.8
1570,21/03/2020,6349.6,6270.8,6359.5,6119.0
1571,20/03/2020,6246.2,6083.7,6355.5,6080.8
1572,19/03/2020,6095.4,5289.5,6261.9,6019.6
1573,18/03/2020,5275.0,5343.4,5404.1,5256.0
1574,17/03/2020,5342.1,5231.1,5362.5,5220.4
1575,16/03/2020,5218.8,5276.5,5368.9,4946.5
1576,15/03/2020,5267.4,5184.3,5369.3,5213.4
1577,14/03/2020,5184.5,5572.2,5277.5,5120.6
1578,13/03/2020,5584.1,5175.7,5634.9,5343.2
1579,12/03/2020,5105.3,7666.1,5499.0,3869.5
1580,11/03/2020,7653.3,7931.1,7963.1,7605.8
1581,10/03/2020,7926.2,7906.4,7964.9,7872.8
1582,09/03/2020,7911.4,8066.2,7966.1,7859.2
1583,08/03/2020,8052.9,8749.2,8158.8,8007.4
1584,07/03/2020,8738.9,9074.4,8888.0,8712.7
1585,06/03/2020,9077.1,9048.7,9141.5,9064.5
1586,05/03/2020,9050.1,8888.7,9079.4,9004.9
1587,04/03/2020,8745.4,8799.2,8840.3,8702.7
1588,03/03/2020,8813.5,8840.6,8830.0,8731.5
1589,02/03/2020,8840.3,8640.2,8911.7,8798.0
1590,01/03/2020,8634.3,8582.9,8648.0,8503.1
1591,29/02/2020,8592.1,8745.8,8665.6,8532.6
1592,28/02/2020,8747.9,8834.5,8766.9,8668.5
1593,27/02/2020,8853.6,8711.6,8898.7,8789.8
1594,26/02/2020,8705.3,9182.7,8804.3,8538.5
1595,25/02/2020,9177.8,9587.9,9368.1,9125.6
1596,24/02/2020,9592.1,9768.7,9672.3,9566.7
1597,23/02/2020,9754.5,9844.0,9981.0,9663.3
1598,22/02/2020,9839.7,9630.3,9896.9,9653.4
1599,21/02/2020,9626.9,9692.5,9706.5,9625.0
1600,20/02/2020,9688.0,9596.6,9729.7,9574.5
1601,19/02/2020,9578.4,10111.7,9653.6,9525.4
1602,18/02/2020,10113.9,9800.9,10177.9,10091.5
1603,17/02/2020,9640.9,9918.3,9951.5,9589.9
1604,16/02/2020,9748.9,10022.9,9951.5,9716.8
1605,15/02/2020,10009.8,10261.4,10056.4,9861.8
1606,14/02/2020,10275.1,10224.0,10369.8,10223.6
1607,13/02/2020,10232.4,10396.4,10289.8,10183.1
1608,12/02/2020,10391.1,10273.7,10425.9,10305.1
1609,11/02/2020,10292.6,9748.8,10312.1,10230.1
1610,10/02/2020,9733.4,10058.1,9860.4,9725.1
1611,09/02/2020,10064.0,10090.6,10181.7,10039.8
1612,08/02/2020,10092.9,9758.8,10115.4,9882.7
1613,07/02/2020,9763.2,9794.9,9826.0,9673.2
1614,06/02/2020,9807.0,9642.8,9849.3,9749.1
1615,05/02/2020,9629.3,9237.3,9649.4,9536.1
1616,04/02/2020,9236.7,9270.5,9237.3,9179.9
1617,03/02/2020,9274.2,9390.4,9347.5,9262.8
1618,02/02/2020,9393.5,9317.4,9582.8,9301.6
1619,01/02/2020,9317.5,9401.5,9383.4,9183.1
1620,31/01/2020,9411.6,9414.6,9458.8,9342.9
1621,30/01/2020,9412.1,9326.6,9525.0,9405.6
1622,29/01/2020,9330.0,9331.2,9355.1,9209.2
1623,28/01/2020,9332.6,9053.7,9403.9,9283.5
1624,27/01/2020,9078.2,8639.7,9126.4,8866.6
1625,26/01/2020,8633.1,8368.0,8692.5,8608.1
1626,25/01/2020,8363.0,8315.9,8377.2,8304.9
1627,24/01/2020,8309.3,8308.5,8447.6,8277.2
1628,23/01/2020,8305.9,8588.9,8415.5,8286.5
1629,22/01/2020,8584.7,8738.1,8687.3,8576.8
1630,21/01/2020,8730.7,8671.7,8751.7,8699.4
1631,20/01/2020,8680.7,8650.4,8692.1,8621.2
1632,19/01/2020,8662.4,9140.3,8733.3,8645.2
1633,18/01/2020,9138.5,8845.9,9183.7,8893.0
1634,17/01/2020,8860.9,8808.3,8982.3,8832.3
1635,16/01/2020,8800.9,8652.1,8829.1,8675.9
1636,15/01/2020,8659.6,8625.9,8850.0,8605.8
1637,14/01/2020,8662.6,8525.2,8891.7,8632.3
1638,13/01/2020,8547.2,8126.7,8562.1,8112.1
1639,12/01/2020,8130.8,8074.1,8196.7,8099.4
1640,11/01/2020,8075.1,8120.3,8110.4,7973.1
1641,10/01/2020,8126.0,7817.1,8242.3,8107.9
1642,09/01/2020,7813.9,7969.5,7871.4,7792.9
1643,08/01/2020,7964.8,8353.5,8065.9,7932.8
1644,07/01/2020,8332.0,7844.3,8436.4,8150.2
1645,06/01/2020,7834.6,7539.3,7979.3,7758.9
1646,05/01/2020,7547.3,7466.9,7583.0,7366.7
1647,04/01/2020,7473.4,7340.8,7501.0,7376.7
1648,03/01/2020,7340.5,7200.6,7354.5,7291.4
1649,02/01/2020,7192.0,7145.5,7220.8,6884.1
1650,01/01/2020,7144.6,7219.0,7209.6,7121.1
1651,31/12/2019,7222.0,7253.4,7239.7,7180.0
1652,30/12/2019,7257.9,7396.2,7284.0,7228.1
1653,29/12/2019,7389.0,7349.6,7398.0,7329.9
1654,28/12/2019,7350.2,7310.2,7356.8,7303.0
1655,27/12/2019,7262.8,7354.5,7293.8,7128.5
1656,26/12/2019,7210.2,7199.8,7247.0,7197.2
1657,25/12/2019,7199.3,7256.6,7238.0,7197.4
1658,24/12/2019,7259.6,7335.0,7542.4,7231.7
1659,23/12/2019,7335.6,7561.2,7348.4,7290.7
1660,22/12/2019,7569.3,7154.4,7624.0,7496.2
1661,21/12/2019,7157.0,7160.8,7168.9,7143.1
1662,20/12/2019,7161.9,7152.5,7197.6,7158.5
1663,19/12/2019,7150.4,7158.5,7178.7,7107.7
1664,18/12/2019,7156.5,6676.1,7354.0,7153.8
1665,17/12/2019,6672.5,6903.8,6711.2,6597.6
1666,16/12/2019,6903.3,7072.2,6922.9,6879.2
1667,15/12/2019,7071.5,7071.8,7139.8,7057.8
1668,14/12/2019,7075.2,7257.3,7089.9,7033.8
1669,13/12/2019,7259.3,7235.1,7265.8,7235.7
1670,12/12/2019,7242.9,7169.1,7251.9,7208.2
1671,11/12/2019,7167.7,7230.6,7272.4,7124.6
1672,10/12/2019,7236.4,7387.4,7277.0,7210.6
1673,09/12/2019,7394.6,7506.8,7400.3,7333.9
1674,08/12/2019,7512.3,7451.2,7553.5,7474.8
1675,07/12/2019,7445.8,7563.5,7517.0,7416.7
1676,06/12/2019,7567.2,7407.0,7595.7,7508.4
1677,05/12/2019,7397.5,7213.0,7435.4,7347.4
1678,04/12/2019,7221.4,7157.5,7340.7,7184.0
1679,03/12/2019,7162.3,7303.4,7292.2,7129.9
1680,02/12/2019,7299.3,7384.8,7389.4,7287.2
1681,01/12/2019,7361.0,7340.8,7433.8,7333.9
1682,30/11/2019,7341.6,7750.8,7546.5,7261.0
1683,29/11/2019,7745.6,7471.0,7784.0,7729.9
1684,28/11/2019,7480.0,7484.7,7507.9,7412.3
1685,27/11/2019,7490.6,7099.4,7567.1,7479.1
1686,26/11/2019,7111.6,7184.1,7183.8,7081.1
1687,25/11/2019,7158.0,6743.3,7187.8,7083.1
1688,24/11/2019,6763.0,7262.0,6955.3,6673.5
1689,23/11/2019,7244.8,7250.7,7344.1,7242.8
1690,22/11/2019,7238.9,7648.8,7281.1,7156.7
1691,21/11/2019,7635.2,8118.6,7688.4,7619.2
1692,20/11/2019,8114.1,8157.1,8126.0,8086.6
1693,19/11/2019,8135.5,8247.4,8245.6,8032.8
1694,18/11/2019,8206.8,8464.5,8245.6,8197.3
1695,17/11/2019,8457.7,8493.6,8512.9,8437.6
1696,16/11/2019,8499.5,8488.9,8521.1,8491.1
1697,15/11/2019,8470.2,8569.3,8492.1,8450.7
1698,14/11/2019,8574.6,8754.2,8668.0,8538.7
1699,13/11/2019,8758.9,8754.4,8799.8,8748.4
1700,12/11/2019,8761.7,8742.0,8829.7,8757.4
1701,11/11/2019,8763.2,9054.0,8769.9,8720.8
1702,10/11/2019,9037.4,8777.6,9066.4,9028.6
1703,09/11/2019,8770.7,8824.4,8804.7,8768.5
1704,08/11/2019,8834.5,9238.7,8840.3,8748.5
1705,07/11/2019,9248.5,9304.1,9250.1,9194.4
1706,06/11/2019,9293.7,9310.7,9367.0,9285.0
1707,05/11/2019,9319.6,9431.5,9336.6,9279.2
1708,04/11/2019,9421.2,9164.2,9452.7,9349.5
1709,03/11/2019,9174.0,9357.7,9208.5,9148.0
1710,02/11/2019,9316.3,9243.6,9332.3,9300.1
1711,01/11/2019,9244.8,9099.3,9270.1,9217.9
1712,31/10/2019,9124.0,9143.9,9154.1,9113.0
1713,30/10/2019,9116.4,9382.8,9202.5,9066.1
1714,29/10/2019,9359.7,9285.9,9411.3,9288.8
1715,28/10/2019,9284.8,9690.5,9304.3,9203.6
1716,27/10/2019,9710.0,9161.7,9866.9,9530.1
1717,26/10/2019,9129.9,10093.0,9359.6,9114.5
1718,25/10/2019,8575.9,7444.2,8888.9,8565.0
1719,24/10/2019,7443.9,7450.5,7448.8,7423.0
1720,23/10/2019,7447.1,8039.7,7501.5,7432.3
1721,22/10/2019,8031.1,8173.5,8055.0,8011.2
1722,21/10/2019,8190.0,8204.6,8207.8,8174.7
1723,20/10/2019,8217.2,7910.5,8232.6,8191.9
1724,19/10/2019,7917.6,7921.9,7959.0,7898.9
1725,18/10/2019,7906.3,8109.7,7952.6,7903.3
1726,17/10/2019,8109.1,7968.6,8109.1,8056.4
1727,16/10/2019,7976.1,8178.8,8002.0,7967.3
1728,15/10/2019,8170.0,8332.3,8185.9,8153.7
1729,14/10/2019,8331.9,8291.1,8400.2,8319.6
1730,13/10/2019,8298.4,8341.8,8307.7,8251.8
1731,12/10/2019,8350.4,8314.3,8365.0,8289.1
1732,11/10/2019,8304.3,8515.6,8330.6,8260.9
1733,10/10/2019,8512.2,8534.3,8573.6,8488.1
1734,09/10/2019,8528.9,8169.2,8591.5,8524.5
1735,08/10/2019,8166.4,8280.6,8205.6,8159.6
1736,07/10/2019,8282.3,7834.5,8287.6,8198.5
1737,06/10/2019,7965.4,8140.4,8145.5,7944.2
1738,05/10/2019,8064.4,8141.7,8145.5,8031.4
1739,04/10/2019,8121.6,8129.6,8160.3,8116.6
1740,03/10/2019,8131.8,8347.2,8233.6,8079.3
1741,02/10/2019,8341.7,8289.4,8391.7,8315.4
1742,01/10/2019,8293.4,8269.6,8330.0,8277.5
1743,30/09/2019,8275.9,8022.2,8293.1,8187.9
1744,29/09/2019,7995.0,8178.3,8060.0,7978.6
1745,28/09/2019,8165.8,8170.8,8226.8,8164.7
1746,27/09/2019,8151.5,7996.0,8213.9,8129.0
1747,26/09/2019,7970.9,8385.5,8091.3,7957.2
1748,25/09/2019,8364.4,8695.5,8443.3,8355.6
1749,24/09/2019,8682.6,9734.5,8729.8,8510.2
1750,23/09/2019,9720.3,9974.5,9787.6,9630.4
1751,22/09/2019,9992.3,9916.0,10048.8,9968.3
1752,21/09/2019,9908.8,10155.9,10008.0,9885.3
1753,20/09/2019,10163.7,10204.0,10177.9,10147.6
1754,19/09/2019,10235.3,10181.1,10279.5,10217.6
1755,18/09/2019,10139.6,10248.4,10187.4,10118.0
1756,17/09/2019,10226.5,10217.0,10230.7,10191.6
1757,16/09/2019,10233.8,10346.0,10261.2,10198.4
1758,15/09/2019,10348.6,10325.4,10360.5,10309.0
1759,14/09/2019,10319.0,10305.9,10360.4,10312.2
1760,13/09/2019,10303.3,10337.4,10355.0,10299.1
1761,12/09/2019,10372.2,10132.4,10441.4,10336.7
1762,11/09/2019,10109.6,10076.4,10200.7,10107.0
1763,10/09/2019,10080.7,10334.3,10257.5,10075.1
1764,09/09/2019,10408.1,10392.9,10478.0,10095.7
1765,08/09/2019,10361.1,10485.9,10411.9,10360.5
1766,07/09/2019,10487.1,10335.5,10515.1,10461.6
1767,06/09/2019,10363.7,10643.7,10379.4,10302.3
1768,05/09/2019,10586.0,10533.7,10596.9,10557.8
1769,04/09/2019,10512.6,10532.2,10571.1,10497.4
1770,16/08/2019,10416.8,10042.0,10530.9,9788.6
1771,15/08/2019,10376.0,10040.1,10413.8,10253.9
1772,14/08/2019,10013.8,10612.1,10195.2,10013.8
1773,13/08/2019,10640.9,11406.1,10894.5,10554.4
1774,11/08/2019,11354.6,11583.0,11728.4,11146.1
1775,10/08/2019,11391.0,12117.7,11445.0,11300.6
1776,06/08/2019,11786.2,11628.9,12291.9,11588.7
1777,05/08/2019,11601.4,11410.6,11830.2,11588.7
1778,04/08/2019,11389.1,10850.7,11443.7,10935.5
1779,03/08/2019,10845.5,10641.0,10889.0,10810.1
1780,02/08/2019,10775.8,10381.7,10785.3,10504.5
1781,01/08/2019,10385.5,10024.7,10439.9,10331.9
1782,31/07/2019,10010.7,9692.7,10145.0,9993.1
1783,30/07/2019,9678.3,9504.1,9703.9,9562.4
1784,29/07/2019,9544.6,9802.1,9607.5,9544.6
1785,28/07/2019,9774.8,9513.1,9835.4,9697.0
1786,27/07/2019,9485.7,10142.1,9499.3,9401.1
1787,26/07/2019,10156.1,9777.3,10232.3,9818.2
1788,25/07/2019,9756.4,10103.2,9947.4,9732.8
1789,24/07/2019,10127.0,9704.9,10203.3,9776.6
1790,23/07/2019,9647.7,10306.2,9888.9,9628.2
1791,22/07/2019,10326.5,10722.2,10414.6,10294.8
1792,21/07/2019,10727.8,10866.0,10806.3,10693.7
1793,20/07/2019,10754.4,10588.4,10883.8,10746.9
1794,19/07/2019,10544.6,10578.8,10650.4,10462.0
1795,18/07/2019,10594.8,9824.1,10721.9,10590.3
1796,17/07/2019,9777.4,9460.3,9858.7,9617.8
1797,16/07/2019,9283.5,10918.3,9613.6,9252.9
1798,15/07/2019,10792.9,10100.4,11019.5,10772.3
1799,14/07/2019,10036.4,11389.5,10201.9,9885.4
1800,13/07/2019,11374.2,11670.7,11448.7,11274.6
1801,12/07/2019,11686.5,11381.9,11798.4,11624.6
1802,11/07/2019,11368.1,11966.2,11519.8,11224.6
1803,10/07/2019,11924.8,13016.1,12111.3,11810.9
1804,09/07/2019,13025.0,12497.9,13026.8,12523.2
1805,08/07/2019,12622.1,11408.0,12660.0,12187.4
1806,07/07/2019,11384.4,11231.9,11456.5,11352.6
1807,06/07/2019,11167.4,11323.7,11266.8,11155.7
1808,05/07/2019,11332.7,11133.3,11378.1,10967.9
1809,04/07/2019,11226.0,11805.3,11277.0,11045.7
1810,03/07/2019,11829.6,11339.5,11948.0,11721.4
1811,02/07/2019,11268.4,10274.7,11422.4,10836.4
1812,01/07/2019,10327.0,11055.3,10685.5,10225.9
1813,30/06/2019,11074.2,12071.6,11146.9,10728.1
1814,29/06/2019,12063.6,11955.6,12140.1,11906.0
1815,28/06/2019,11701.5,11166.8,12422.9,11673.1
1816,27/06/2019,11317.6,12888.8,11718.4,11199.8
1817,26/06/2019,12785.1,11914.6,13422.0,12543.1
1818,25/06/2019,11848.4,11143.3,11985.3,11747.3
1819,24/06/2019,11109.0,10700.0,11116.8,11033.7
1820,23/06/2019,10744.4,10879.0,10897.3,10630.9
1821,22/06/2019,10834.9,10469.0,10947.1,10703.9
1822,21/06/2019,10734.3,9715.4,10734.3,10031.3
1823,20/06/2019,9736.7,9318.5,9785.1,9517.4
1824,19/06/2019,9245.0,9138.0,9275.9,9228.7
1825,18/06/2019,9136.9,9234.0,9169.1,9044.0
1826,17/06/2019,9311.2,9112.2,9336.1,9236.1
1827,16/06/2019,9111.9,8919.3,9175.0,8960.1
1828,15/06/2019,8955.3,8584.4,8955.5,8771.1
1829,14/06/2019,8628.5,8180.0,8668.3,8582.3
1830,13/06/2019,8177.4,8104.7,8240.5,8153.2
1831,12/06/2019,8093.7,7832.7,8145.3,8085.5
1832,11/06/2019,7837.3,7940.9,7894.6,7805.8
1833,10/06/2019,7940.8,7619.2,8010.4,7928.5
1834,09/06/2019,7636.8,7847.8,7658.4,7523.6
1835,08/06/2019,7878.4,8036.7,7937.5,7851.3
1836,07/06/2019,7969.2,7774.4,8044.4,7962.3
1837,06/06/2019,7778.1,7831.5,7813.7,7752.9
1838,05/06/2019,7825.0,7759.7,7848.7,7751.1
1839,04/06/2019,7759.7,8017.4,7793.8,7685.7
1840,03/06/2019,8000.9,8677.0,8118.1,7824.0
1841,02/06/2019,8687.7,8569.3,8734.9,8631.5
1842,01/06/2019,8574.7,8549.8,8592.2,8534.8
1843,31/05/2019,8552.8,8342.9,8584.0,8499.4
1844,30/05/2019,8342.4,8595.9,8382.8,8269.0
1845,29/05/2019,8590.6,8656.4,8715.1,8558.5
1846,28/05/2019,8644.5,8772.6,8715.6,8617.6
1847,27/05/2019,8782.5,8745.3,8794.1,8724.6
1848,26/05/2019,8666.6,7986.2,8838.9,8627.9
1849,25/05/2019,8015.8,8009.9,8046.5,7997.6
1850,24/05/2019,8000.2,7839.1,8033.1,7941.0
1851,23/05/2019,7823.4,7659.8,7906.8,7816.6
1852,22/05/2019,7598.8,7936.5,7679.3,7558.3
1853,21/05/2019,7941.1,7906.1,7998.4,7906.7
1854,20/05/2019,7893.0,7898.9,8016.8,7836.3
1855,19/05/2019,7912.2,7689.2,8156.4,7818.2
1856,18/05/2019,7704.4,7298.5,7772.2,7252.3
1857,17/05/2019,7308.4,7798.8,7434.6,7242.2
1858,16/05/2019,7772.7,8287.2,7924.0,7765.0
1859,15/05/2019,8246.1,8007.8,8288.2,8142.0
1860,14/05/2019,8011.3,7880.2,8123.4,7963.3
1861,13/05/2019,7889.9,7047.8,8041.0,7784.8
1862,12/05/2019,7056.8,7155.5,7087.4,6893.1
1863,11/05/2019,6910.2,6421.5,6974.3,6386.5
1864,10/05/2019,6499.5,6267.7,6518.5,6386.5
1865,09/05/2019,6225.4,6088.9,6225.8,6157.8
1866,08/05/2019,6081.3,5876.7,6105.0,5990.0
1867,07/05/2019,5880.1,5949.2,5891.3,5799.1
1868,06/05/2019,5944.2,5692.5,5944.2,5745.5
1869,05/05/2019,5688.1,5640.4,5774.5,5688.1
1870,04/05/2019,5819.9,5230.5,5821.0,5319.5
1871,03/05/2019,5837.0,5230.5,5837.0,5319.5
1872,18/03/2019,3974.4,3983.8,4032.3,3958.5
1873,17/03/2019,3979.6,4012.5,4009.8,3956.3
1874,16/03/2019,4001.9,3922.4,4050.6,3923.7
1875,15/03/2019,3926.7,3882.7,3935.7,3874.8
1876,14/03/2019,3879.8,3864.6,3914.7,3828.4
1877,13/03/2019,3864.9,3887.6,3894.7,3847.4
1878,12/03/2019,3886.0,3870.3,3900.1,3817.1
1879,11/03/2019,3865.1,3915.6,3935.5,3842.4
1880,10/03/2019,3915.2,3944.3,3944.5,3889.2
1881,09/03/2019,3944.4,3865.9,3964.0,3859.7
1882,08/03/2019,3865.9,3875.1,3929.0,3810.7
