timestamp,open,high,low,close,volume
2025-02-10,93636.05000000,94179.14000000,92513.05000000,92753.65000000,30.79279618
2025-02-09,93569.44000000,94353.25000000,92013.80000000,93607.15000000,204.05617675
2025-02-08,93476.58000000,93912.55000000,92822.96000000,93546.88000000,109.45055064
2025-02-07,93060.43000000,96555.00000000,92648.59000000,93519.29000000,463.81173358
2025-02-06,92825.26000000,95742.83000000,92179.79000000,93050.70000000,410.73138073
2025-02-05,94354.79000000,95370.42000000,92500.00000000,92832.17000000,412.93929358
2025-02-04,98376.01000000,98752.51000000,92717.21000000,94347.30000000,520.98220008
2025-02-03,95431.64000000,99421.84000000,89248.90000000,98421.52000000,1044.41324300
2025-02-02,97315.45000000,98204.16000000,93671.33000000,95427.29000000,528.57621392
2025-02-01,98887.87000000,99249.00000000,96977.14000000,97328.62000000,128.34057516
2025-01-31,100742.13000000,102000.00000000,97900.00000000,98885.16000000,302.19473327
2025-01-30,99549.57000000,101998.99000000,99079.77000000,100695.33000000,351.62254346
2025-01-29,97158.27000000,100623.00000000,97136.32000000,99536.53000000,383.31746481
2025-01-28,97788.18000000,99398.98000000,96052.79000000,97180.33000000,394.32539924
2025-01-27,98050.00000000,98700.72000000,93414.78000000,97792.05000000,821.66168465
2025-01-26,99904.10000000,100605.14000000,97960.00000000,98088.57000000,219.74026580
2025-01-25,99933.67000000,100448.55000000,99300.00000000,99888.28000000,154.48358878
2025-01-24,99819.26000000,102055.67000000,98483.34000000,99975.31000000,386.68711651
2025-01-23,99572.46000000,102743.64000000,97188.74000000,99819.12000000,815.80327168
2025-01-22,101996.93000000,102094.80000000,99202.85000000,99585.58000000,380.07167778
2025-01-21,98075.39000000,102900.00000000,96436.00000000,102009.11000000,647.20838617
2025-01-20,98539.45000000,105951.19000000,96754.74000000,98104.39000000,1054.56264521
2025-01-19,101395.36000000,103599.98000000,96995.84000000,98574.14000000,621.98147170
2025-01-18,101082.24000000,101982.00000000,99124.86000000,101417.35000000,515.73037308
2025-01-17,97006.19000000,102898.94000000,96983.34000000,101082.23000000,537.04477715
2025-01-16,97575.99000000,97902.47000000,94689.65000000,97015.92000000,347.78556432
2025-01-15,93712.24000000,97854.99000000,93595.01000000,97576.00000000,407.22739540
2025-01-14,92149.90000000,94954.41000000,92024.63000000,93699.50000000,339.24621876
2025-01-13,92284.22000000,93666.66000000,87437.71000000,92176.44000000,574.98178617
2025-01-12,92304.24000000,93134.16000000,91500.00000000,92337.55000000,85.22342035
2025-01-11,92545.14000000,92749.00000000,91635.04000000,92294.18000000,102.73507831
2025-01-10,89984.26000000,93564.46000000,89934.50000000,92545.14000000,362.42966572
2025-01-09,92231.77000000,92509.30000000,88606.32000000,90004.76000000,430.49773591
2025-01-08,93776.16000000,94064.78000000,89875.07000000,92245.12000000,563.72696292
2025-01-07,98486.66000000,98960.78000000,92895.02000000,93797.12000000,468.69215923
2025-01-06,95456.12000000,98690.06000000,94893.39000000,98495.27000000,432.06143185
2025-01-05,95306.40000000,95899.98000000,94348.19000000,95451.75000000,119.89755911
2025-01-04,95250.00000000,95847.86000000,94645.00000000,95290.25000000,96.77731908
2025-01-03,94411.14000000,96143.44000000,93405.23000000,95250.00000000,310.96405010
2025-01-02,91173.50000000,95306.46000000,91000.00000000,94383.32000000,398.80103233
2025-01-01,90116.04000000,91749.00000000,89665.00000000,91175.14000000,233.82039366
2024-12-31,89007.78000000,92638.09000000,88252.45000000,90119.83000000,397.73855381
2024-12-30,89692.71000000,91260.41000000,87834.22000000,88994.94000000,447.55649032
2024-12-29,91235.75000000,91271.67000000,89000.00000000,89702.09000000,250.31280693
2024-12-28,90390.29000000,91634.81000000,90225.50000000,91231.22000000,132.80990947
2024-12-27,91774.04000000,93579.09000000,89634.61000000,90412.16000000,373.71835226
2024-12-26,95618.45000000,96129.98000000,91380.00000000,91817.68000000,278.73491900
2024-12-25,94890.99000000,95737.17000000,93915.29000000,95615.60000000,219.22545179
2024-12-24,91110.52000000,95724.27000000,89796.81000000,94865.41000000,435.23712975
2024-12-23,91182.16000000,92749.00000000,88832.59000000,91113.12000000,653.97969171
2024-12-22,93489.38000000,93633.12000000,90334.19000000,91204.69000000,314.99972965
2024-12-21,93897.60000000,95772.36000000,92562.54000000,93445.59000000,247.85777508
2024-12-20,94013.79000000,94599.67000000,88421.18000000,93898.51000000,1008.26799935
2024-12-19,96757.67000000,98807.32000000,92150.18000000,94015.48000000,702.61431593
2024-12-18,101163.08000000,101448.15000000,96586.70000000,96807.26000000,671.03607098
2024-12-17,100700.60000000,103000.00000000,100301.00000000,101171.90000000,358.79004596
2024-12-16,99120.98000000,102497.39000000,98348.92000000,100729.30000000,769.13883587
2024-12-15,96527.58000000,99800.00000000,96379.24000000,99111.37000000,338.64697217
2024-12-14,96555.98000000,97675.32000000,95777.37000000,96522.66000000,166.31233180
2024-12-13,95422.38000000,97077.55000000,94708.86000000,96561.92000000,270.81294300
2024-12-12,96288.37000000,97700.00000000,94665.58000000,95419.29000000,332.42362785
2024-12-11,91836.31000000,97063.04000000,90924.87000000,96272.32000000,551.87440914
2024-12-10,92239.33000000,93449.00000000,89655.63000000,91841.31000000,487.04302670
2024-12-09,95662.16000000,95763.04000000,89217.53000000,92274.10000000,552.52661383
2024-12-08,94428.15000000,95908.70000000,93391.07000000,95685.97000000,168.88619671
2024-12-07,94435.53000000,95080.04000000,93383.71000000,94421.99000000,197.26954813
2024-12-06,91706.60000000,96591.42000000,91127.00000000,94436.71000000,542.64571223
2024-12-05,93775.73000000,98456.03000000,86600.00000000,91712.59000000,1236.52232064
2024-12-04,91249.72000000,94277.20000000,89907.87000000,93790.50000000,498.49733094
2024-12-03,91279.95000000,91751.07000000,88886.03000000,91229.73000000,378.30146135
2024-12-02,92096.25000000,93098.99000000,90011.05000000,91275.31000000,371.87919391
2024-12-01,91143.07000000,92599.99000000,90470.00000000,92099.58000000,195.27489538
2024-11-30,92150.72000000,92154.35000000,90722.66000000,91143.29000000,147.38722472
2024-11-29,90627.58000000,93535.47000000,90296.09000000,92163.53000000,370.75302119
2024-11-28,90831.46000000,91601.62000000,89731.44000000,90606.98000000,340.61478617
2024-11-27,87609.93000000,92207.53000000,87423.34000000,90854.12000000,716.51787977
2024-11-26,88922.48000000,90777.81000000,86543.90000000,87605.57000000,1087.59277563
2024-11-25,93388.13000000,94400.00000000,88070.46000000,88950.00000000,946.06920339
2024-11-24,93200.09000000,94118.48000000,91129.86000000,93391.61000000,520.87509879
2024-11-23,94720.51000000,94720.51000000,92680.84000000,93208.66000000,363.23362745
2024-11-22,93564.35000000,95501.25000000,93075.21000000,94717.46000000,1041.06139351
2024-11-21,89274.21000000,94235.00000000,89140.88000000,93554.33000000,1637.55645015
2024-11-20,87182.40000000,90088.98000000,86446.65000000,89280.02000000,671.56658014
2024-11-19,85409.31000000,88742.51000000,85337.81000000,87157.00000000,693.28942984
2024-11-18,85046.28000000,87599.00000000,84594.12000000,85423.38000000,703.24208600
2024-11-17,85667.74000000,86397.38000000,83913.99000000,85016.99000000,389.00874594
2024-11-16,86256.73000000,86900.22000000,85171.44000000,85665.95000000,220.55102249
2024-11-15,82893.06000000,87076.83000000,82621.18000000,86260.52000000,532.44187883
2024-11-14,85286.00000000,87076.83000000,82317.57000000,82917.20000000,877.49846428
2024-11-13,82311.26000000,88000.00000000,80903.15000000,85278.66000000,1364.44961113
2024-11-12,82273.98000000,84457.98000000,75700.00000000,82334.41000000,1838.12262283
2024-11-11,74780.73000000,82900.00000000,74639.10000000,82274.06000000,1441.28614835
2024-11-10,71562.42000000,75699.99000000,71388.80000000,74757.19000000,760.24717970
2024-11-09,71418.19000000,71777.77000000,70664.61000000,71550.49000000,166.98838724
2024-11-08,70324.72000000,72088.30000000,70132.73000000,71421.23000000,269.30354873
2024-11-07,70340.00000000,71193.11000000,68901.04000000,70292.42000000,400.31083733
2024-11-06,63517.03000000,71149.78000000,63423.44000000,70304.54000000,1364.77495693
2024-11-05,62348.64000000,64637.98000000,62022.59000000,63491.53000000,282.78464079
2024-11-04,63408.26000000,63791.42000000,61410.68000000,62357.98000000,301.31622731
2024-11-03,64132.60000000,64169.66000000,62351.09000000,63426.11000000,359.15274360
2024-11-02,64144.26000000,64537.47000000,63776.12000000,64124.73000000,48.98607369
2024-11-01,64506.42000000,65968.48000000,63230.24000000,64175.87000000,258.86695384
2024-10-31,66595.95000000,66893.60000000,63946.30000000,64506.43000000,308.79554682
2024-10-30,67148.64000000,67174.82000000,65914.41000000,66607.40000000,252.20350371
2024-10-29,64636.79000000,68000.00000000,64422.84000000,67134.23000000,707.11838829
2024-10-28,62928.68000000,64932.23000000,62623.13000000,64634.89000000,326.05451082
2024-10-27,62155.83000000,63198.15000000,61985.78000000,62928.34000000,106.17886596
2024-10-26,61740.05000000,62453.74000000,61565.45000000,62136.66000000,65.10975685
2024-10-25,62979.27000000,63463.91000000,60776.28000000,61744.48000000,235.57270922
2024-10-24,61803.03000000,63574.05000000,61629.62000000,62976.58000000,313.65572182
2024-10-23,62400.56000000,62400.56000000,60465.00000000,61791.39000000,165.08982555
2024-10-22,62160.00000000,62777.00000000,61420.41000000,62408.10000000,387.06914029
2024-10-21,63445.78000000,63900.00000000,61649.96000000,62154.91000000,513.43364230
2024-10-20,62840.49000000,63779.18000000,62597.49000000,63433.63000000,126.77171012
2024-10-19,62966.41000000,63186.47000000,62268.10000000,62835.98000000,91.10108229
2024-10-18,62200.36000000,63499.99000000,61956.89000000,62976.42000000,452.48284802
2024-10-17,62235.03000000,62509.07000000,61444.00000000,62185.80000000,204.80844458
2024-10-16,61574.43000000,62759.72000000,61274.78000000,62222.06000000,284.82937583
2024-10-15,60413.47000000,62200.00000000,59377.80000000,61565.84000000,405.94917438
2024-10-14,57516.93000000,60999.00000000,57148.57000000,60393.03000000,497.97698980
2024-10-13,57721.17000000,57789.17000000,56653.98000000,57519.27000000,148.87016103
2024-10-12,57164.90000000,58003.83000000,57119.07000000,57728.29000000,101.28575501
2024-10-11,55142.72000000,57977.43000000,54950.51000000,57140.17000000,224.21897559
2024-10-10,55370.10000000,56058.68000000,53904.09000000,55146.64000000,220.05098312
2024-10-09,56623.09000000,57004.21000000,55090.00000000,55379.26000000,184.88185859
2024-10-08,56703.35000000,57573.30000000,56373.07000000,56607.21000000,159.12921466
2024-10-07,57256.48000000,58723.00000000,56600.00000000,56722.36000000,207.05337233
2024-10-06,56522.61000000,57354.13000000,56300.00000000,57248.79000000,92.42354624
2024-10-05,56588.84000000,56831.74000000,56187.41000000,56505.53000000,58.20658723
2024-10-04,55047.76000000,56945.23000000,54785.63000000,56572.45000000,229.25658222
2024-10-03,54893.39000000,55719.54000000,54237.15000000,55053.60000000,325.96403893
2024-10-02,54908.65000000,56446.85000000,54301.00000000,54905.63000000,314.17660861
2024-10-01,56850.00000000,57713.90000000,54301.02000000,54900.00000000,332.62712344
2024-09-30,58752.02000000,58757.86000000,56421.56000000,56853.11000000,284.50661756
2024-09-29,59006.02000000,59130.89000000,58620.64000000,58742.25000000,99.07191940
2024-09-28,58959.93000000,59348.82000000,58610.19000000,58982.04000000,83.33974660
2024-09-27,58329.32000000,59528.74000000,58057.40000000,58936.22000000,271.49194403
2024-09-26,56715.02000000,58940.47000000,56281.39000000,58315.28000000,324.94929400
2024-09-25,57453.84000000,57924.98000000,56526.64000000,56730.08000000,169.19799330
2024-09-24,57003.00000000,57822.22000000,56259.42000000,57426.47000000,218.53383368
2024-09-23,56988.75000000,57970.81000000,56080.15000000,56985.67000000,223.72967754
2024-09-22,56772.76000000,57321.60000000,55883.34000000,57001.09000000,146.12246921
2024-09-21,56605.64000000,56937.10000000,56211.31000000,56753.13000000,53.43438343
2024-09-20,56396.66000000,57414.44000000,55813.70000000,56634.75000000,198.00698897
2024-09-19,55571.01000000,57241.75000000,55438.04000000,56385.95000000,329.06309665
2024-09-18,54261.74000000,55604.62000000,53223.45000000,55562.82000000,337.00000766
2024-09-17,52290.93000000,55193.91000000,51790.06000000,54226.05000000,364.06498608
2024-09-16,53320.98000000,53409.25000000,51650.17000000,52276.88000000,227.43877981
2024-09-15,54168.55000000,54488.83000000,52959.70000000,53343.95000000,156.99599343
2024-09-14,54674.74000000,54756.51000000,53700.00000000,54164.78000000,96.08980267
2024-09-13,52489.57000000,54781.85000000,52007.60000000,54673.01000000,250.20037654
2024-09-12,52130.02000000,53116.26000000,51955.86000000,52494.18000000,260.61066202
2024-09-11,52319.39000000,52657.81000000,50490.85000000,52074.02000000,281.19770213
2024-09-10,51723.22000000,52649.00000000,51105.34000000,52311.79000000,212.94548070
2024-09-09,49526.79000000,52624.00000000,49315.32000000,51718.32000000,448.96083805
2024-09-08,48922.03000000,49905.18000000,48417.29000000,49505.02000000,188.58514830
2024-09-07,48768.11000000,49585.80000000,48548.32000000,48900.38000000,218.48358020
2024-09-06,50560.77000000,51382.12000000,47428.66000000,48768.11000000,631.99766844
2024-09-05,52320.31000000,52652.63000000,50084.23000000,50556.80000000,241.17270351
2024-09-04,52036.77000000,52835.55000000,50354.20000000,52323.86000000,397.29997213
2024-09-03,53444.24000000,54065.45000000,51964.87000000,52033.15000000,287.13574297
2024-09-02,51911.95000000,53700.00000000,51709.51000000,53430.92000000,233.61573622
2024-09-01,53385.08000000,53476.90000000,51802.75000000,51931.36000000,203.81632762
2024-08-31,53553.35000000,53855.82000000,53200.00000000,53405.31000000,60.22093735
2024-08-30,53585.98000000,54096.18000000,52280.00000000,53546.16000000,231.76194306
2024-08-29,53109.73000000,55248.92000000,52921.58000000,53604.00000000,286.41399895
2024-08-28,53225.11000000,54189.93000000,52100.00000000,53088.39000000,326.99133822
2024-08-27,56289.73000000,56613.32000000,51950.00000000,53225.98000000,464.08729339
2024-08-26,57406.50000000,57632.29000000,56256.75000000,56298.34000000,303.87103799
2024-08-25,57272.31000000,58113.94000000,56905.96000000,57402.19000000,167.58380223
2024-08-24,57301.11000000,57632.96000000,56735.97000000,57269.55000000,151.91637930
2024-08-23,54311.20000000,58047.53000000,54311.19000000,57308.88000000,447.89770675
2024-08-22,54830.06000000,55146.00000000,53625.00000000,54327.75000000,345.61932192
2024-08-21,53062.12000000,55458.37000000,52862.69000000,54841.80000000,371.62377308
2024-08-20,53657.34000000,55469.03000000,52747.33000000,53076.19000000,301.28743363
2024-08-19,53049.34000000,53800.00000000,52408.27000000,53652.29000000,224.94083142
2024-08-18,54009.94000000,54688.34000000,53019.52000000,53046.89000000,130.08025933
2024-08-17,53452.49000000,54194.89000000,53380.64000000,54000.00000000,74.08506959
2024-08-16,52501.36000000,54340.13000000,52064.92000000,53464.65000000,253.81422526
2024-08-15,53326.55000000,54508.09000000,51195.03000000,52491.11000000,424.84476460
2024-08-14,55146.13000000,56081.19000000,53100.00000000,53328.00000000,308.51748484
2024-08-13,54312.58000000,56141.89000000,53510.41000000,55129.90000000,286.50224950
2024-08-12,53822.14000000,55555.00000000,52780.03000000,54307.22000000,359.11681215
2024-08-11,55860.58000000,56707.04000000,53436.91000000,53835.66000000,239.45474186
2024-08-10,55800.62000000,56358.00000000,55240.07000000,55859.19000000,135.27159029
2024-08-09,56546.67000000,56593.13000000,54533.74000000,55789.08000000,313.86928219
2024-08-08,50512.15000000,57499.00000000,50129.82000000,56542.08000000,460.84007542
2024-08-07,51369.66000000,52950.00000000,50010.13000000,50495.77000000,549.41047371
2024-08-06,49417.12000000,52299.98000000,49371.86000000,51374.96000000,963.93343161
2024-08-05,53330.01000000,53448.81000000,45021.36000000,49408.05000000,3196.63707067
2024-08-04,55719.17000000,56131.17000000,52521.27000000,53309.69000000,1023.84859285
2024-08-03,56352.63000000,57110.64000000,55000.00000000,55717.27000000,553.06040776
2024-08-02,60555.08000000,60794.76000000,56100.00000000,56347.78000000,473.47114375
2024-08-01,59709.38000000,60811.58000000,57709.31000000,60559.44000000,417.82100327
2024-07-31,61184.48000000,61804.95000000,59604.99000000,59715.77000000,336.73080284
2024-07-30,61701.63000000,61910.98000000,60411.71000000,61177.08000000,290.33895527
2024-07-29,62866.50000000,64749.00000000,61368.32000000,61700.00000000,427.70514922
2024-07-28,62490.46000000,62887.22000000,61744.87000000,62854.02000000,107.12922846
2024-07-27,62561.24000000,63876.72000000,61400.00000000,62488.02000000,292.01454843
2024-07-26,60652.22000000,62830.25000000,60571.05000000,62563.79000000,323.17954685
2024-07-25,60318.31000000,61004.00000000,58512.00000000,60650.01000000,335.29952639
2024-07-24,60766.59000000,61800.00000000,60065.73000000,60333.99000000,240.22230240
2024-07-23,62026.78000000,62220.35000000,60224.14000000,60755.96000000,292.25848749
2024-07-22,62526.97000000,62821.99000000,61166.88000000,62030.69000000,250.65858945
2024-07-21,61646.16000000,62721.17000000,60372.50000000,62529.01000000,203.01047905
2024-07-20,61281.39000000,62064.88000000,60871.92000000,61651.61000000,145.74291043
2024-07-19,58709.62000000,62000.00000000,58111.70000000,61283.57000000,410.28483968
2024-07-18,58599.56000000,59624.66000000,58031.47000000,58699.58000000,214.24423714
2024-07-17,59707.23000000,60675.00000000,58347.46000000,58600.56000000,346.32186003
2024-07-16,59421.37000000,59998.99000000,57211.79000000,59699.03000000,405.94613726
2024-07-15,55876.94000000,59585.00000000,55750.00000000,59432.32000000,490.78590908
2024-07-14,54274.50000000,56400.63000000,54257.68000000,55876.86000000,424.42726971
2024-07-13,53103.25000000,54863.10000000,52977.57000000,54274.18000000,208.66300848
2024-07-12,52733.04000000,53662.74000000,52017.01000000,53109.92000000,645.82671205
2024-07-11,53276.99000000,54744.40000000,52591.29000000,52728.22000000,1016.80072263
2024-07-10,53663.86000000,54950.27000000,52789.11000000,53276.98000000,605.65539207
2024-07-09,52267.68000000,53855.82000000,51865.03000000,53631.95000000,1109.47042884
2024-07-08,51589.15000000,53655.00000000,50144.21000000,52254.91000000,1457.34061510
2024-07-07,53664.31000000,53861.02000000,51450.59000000,51589.15000000,293.21252865
2024-07-06,52267.47000000,53892.23000000,51726.29000000,53664.51000000,707.35991637
2024-07-05,52790.03000000,53175.96000000,49437.20000000,52271.97000000,1085.18051491
2024-07-04,55772.09000000,56001.96000000,52549.74000000,52790.43000000,597.16889862
2024-07-03,57747.42000000,57888.74000000,55048.15000000,55766.78000000,383.47526387
2024-07-02,58523.46000000,58894.41000000,57510.25000000,57733.05000000,206.03530587
2024-07-01,58416.69000000,59467.74000000,58090.34000000,58527.56000000,387.64433677
2024-06-30,56881.68000000,58647.31000000,56625.31000000,58407.41000000,155.48993236
2024-06-29,56345.64000000,57117.87000000,56307.44000000,56888.03000000,136.28146021
2024-06-28,57546.99000000,58162.14000000,55965.89000000,56344.17000000,286.13125887
2024-06-27,56946.44000000,58164.61000000,56622.20000000,57545.90000000,263.66774666
2024-06-26,57713.47000000,58294.10000000,56800.20000000,56935.04000000,341.91484885
2024-06-25,56169.13000000,58215.85000000,56122.32000000,57713.87000000,570.89956745
2024-06-24,59127.81000000,59261.30000000,54419.19000000,56186.44000000,697.40788768
2024-06-23,59996.32000000,60246.86000000,59085.16000000,59107.12000000,89.24138584
2024-06-22,59995.39000000,60336.51000000,59797.74000000,59992.10000000,74.27808157
2024-06-21,60577.71000000,60719.65000000,59287.61000000,59987.59000000,270.54473097
2024-06-20,60466.69000000,61937.39000000,60249.86000000,60550.86000000,323.10050356
2024-06-19,60698.63000000,61218.74000000,60200.01000000,60456.22000000,168.56697690
2024-06-18,61908.22000000,61988.95000000,59654.85000000,60685.06000000,363.99799435
2024-06-17,62279.16000000,62696.68000000,60710.72000000,61904.82000000,236.82698332
2024-06-16,61832.47000000,62539.34000000,61687.66000000,62262.17000000,97.60381266
2024-06-15,61752.49000000,62111.00000000,61494.65000000,61829.19000000,90.88944269
2024-06-14,62189.17000000,63090.90000000,60801.06000000,61747.33000000,300.22901419
2024-06-13,63136.04000000,63396.45000000,61617.67000000,62171.28000000,253.89933232
2024-06-12,62719.92000000,64579.89000000,62243.20000000,63140.41000000,352.66408515
2024-06-11,64528.44000000,64588.76000000,61507.14000000,62726.38000000,530.41475073
2024-06-10,64664.14000000,65298.24000000,64320.22000000,64535.72000000,200.93621452
2024-06-09,64277.11000000,64842.00000000,64066.62000000,64648.18000000,159.25443232
2024-06-08,64257.12000000,64500.00000000,64096.56000000,64278.15000000,126.90552547
2024-06-07,64985.78000000,66132.47000000,63309.84000000,64258.71000000,352.28449963
2024-06-06,65358.06000000,65766.87000000,64380.61000000,64984.68000000,283.87105652
2024-06-05,64789.75000000,66063.64000000,64688.44000000,65357.71000000,335.41897846
2024-06-04,63089.34000000,65294.96000000,62931.48000000,64777.18000000,328.10654650
2024-06-03,62428.48000000,64762.10000000,62283.90000000,63080.70000000,304.92947467
2024-06-02,62445.22000000,63050.23000000,62026.91000000,62452.47000000,118.29560654
2024-06-01,62234.29000000,62561.82000000,62130.99000000,62441.25000000,87.06024806
2024-05-31,63105.19000000,63537.51000000,61440.00000000,62230.86000000,277.52115562
2024-05-30,62551.71000000,64124.08000000,62068.52000000,63095.75000000,268.44322450
2024-05-29,62968.22000000,63480.38000000,62062.99000000,62548.69000000,230.22853881
2024-05-28,63874.98000000,63968.61000000,61900.00000000,62969.80000000,340.08480991
2024-05-27,63145.80000000,64989.91000000,62808.92000000,63872.07000000,236.89637878
2024-05-26,63921.45000000,64114.63000000,62843.54000000,63138.93000000,102.45131389
2024-05-25,63249.14000000,64198.39000000,63196.06000000,63939.25000000,103.66428959
2024-05-24,62839.02000000,63878.65000000,61540.66000000,63232.74000000,245.38978772
2024-05-23,63816.00000000,64541.13000000,61333.00000000,62836.76000000,470.83392201
2024-05-22,64375.99000000,65138.74000000,63653.03000000,63816.00000000,376.19678098
2024-05-21,65521.16000000,65933.02000000,63494.57000000,64375.99000000,628.58154046
2024-05-20,60930.51000000,65700.00000000,60750.00000000,65521.16000000,542.13763679
2024-05-19,61588.52000000,62261.43000000,60587.46000000,60927.75000000,202.69537382
2024-05-18,61685.45000000,62012.19000000,61300.00000000,61579.64000000,194.99132039
2024-05-17,60030.50000000,62081.49000000,59963.62000000,61687.99000000,323.11749946
2024-05-16,60779.28000000,61400.00000000,59000.00000000,60018.57000000,394.26686267
2024-05-15,56924.68000000,61022.00000000,56680.09000000,60777.05000000,383.64791289
2024-05-14,58298.94000000,58478.73000000,56500.00000000,56924.05000000,320.35856449
2024-05-13,57085.97000000,58770.58000000,56418.03000000,58293.80000000,325.85438232
2024-05-12,56516.31000000,57435.99000000,56299.00000000,57075.98000000,123.98655238
2024-05-11,56524.04000000,57167.19000000,56208.31000000,56496.94000000,198.07642651
2024-05-10,58522.09000000,58882.51000000,55876.05000000,56514.18000000,447.06249428
2024-05-09,56941.52000000,58835.13000000,56459.29000000,58521.43000000,279.82735664
2024-05-08,57978.20000000,58657.29000000,56638.90000000,56949.08000000,357.82329052
2024-05-07,58671.32000000,59857.37000000,57920.00000000,57961.38000000,305.09384379
2024-05-06,59515.05000000,60834.00000000,58239.85000000,58681.47000000,415.09319745
2024-05-05,59398.45000000,60038.98000000,58461.27000000,59506.98000000,231.06694571
2024-05-04,58509.32000000,59999.00000000,58165.60000000,59392.98000000,274.70356453
2024-05-03,55076.36000000,58931.62000000,54811.98000000,58507.14000000,502.09441795
2024-05-02,54378.17000000,55643.98000000,53121.21000000,55082.13000000,635.05368310
2024-05-01,56844.50000000,56991.58000000,52943.49000000,54372.60000000,1258.79096130
2024-04-30,59581.09000000,60365.57000000,55311.31000000,56852.18000000,772.86685399
2024-04-29,58965.50000000,59875.00000000,57745.77000000,59549.34000000,503.46241480
2024-04-28,59364.36000000,60136.13000000,58647.82000000,58947.56000000,181.01826606
2024-04-27,59639.85000000,59793.40000000,58411.49000000,59364.40000000,226.12657975
2024-04-26,60143.74000000,60545.76000000,59242.36000000,59635.80000000,354.61187190
2024-04-25,60074.92000000,60867.16000000,58755.00000000,60126.24000000,389.91996958
2024-04-24,62060.81000000,62678.55000000,59418.00000000,60083.17000000,431.91218967
2024-04-23,62755.47000000,63046.18000000,61693.41000000,62068.17000000,386.33059160
2024-04-22,60985.08000000,63134.63000000,60520.08000000,62755.47000000,428.47715681
2024-04-21,61073.94000000,61721.09000000,60349.25000000,60953.54000000,274.07021648
2024-04-20,59992.83000000,61521.37000000,59310.61000000,61075.19000000,334.26412593
2024-04-19,59713.79000000,61521.37000000,56170.00000000,59991.74000000,918.21029260
2024-04-18,57485.45000000,60263.09000000,56917.92000000,59694.80000000,565.62223035
2024-04-17,60115.61000000,60782.51000000,56129.00000000,57485.91000000,987.19193770
2024-04-16,59769.15000000,60682.79000000,58042.43000000,60117.86000000,762.53253187
2024-04-15,61870.64000000,62869.53000000,58717.47000000,59747.50000000,1009.51373592
2024-04-14,61005.18000000,62043.20000000,59021.70000000,61867.60000000,760.75833798
2024-04-13,63330.19000000,64027.39000000,57251.00000000,61007.42000000,1559.92725418
2024-04-12,65281.03000000,66588.53000000,61300.00000000,63328.63000000,984.35762317
2024-04-11,65773.86000000,66369.00000000,64846.83000000,65278.57000000,383.48269915
2024-04-10,63684.68000000,66222.00000000,62636.91000000,65761.16000000,444.69384970
2024-04-09,65894.26000000,66017.61000000,62881.66000000,63710.86000000,508.61027479
2024-04-08,64046.80000000,67094.17000000,63770.22000000,65914.02000000,566.93663259
2024-04-07,63618.34000000,64849.98000000,63525.00000000,64048.85000000,219.83451485
2024-04-06,62640.42000000,64318.25000000,62283.52000000,63613.31000000,181.73176199
2024-04-05,63272.08000000,63464.37000000,61077.30000000,62635.57000000,457.05471445
2024-04-04,60962.64000000,63919.68000000,60089.91000000,63262.09000000,453.02671506
2024-04-03,60868.59000000,61980.00000000,60000.00000000,60944.89000000,512.74702544
2024-04-02,64905.24000000,64940.52000000,60011.64000000,60853.75000000,1100.29393570
2024-04-01,66093.32000000,66101.60000000,63422.75000000,64909.14000000,374.26140114
2024-03-31,64582.40000000,66193.77000000,64551.58000000,66099.78000000,191.18973257
2024-03-30,64800.06000000,65187.26000000,64531.79000000,64567.04000000,128.52661545
2024-03-29,65609.90000000,65784.03000000,64000.00000000,64804.53000000,258.96970172
2024-03-28,64228.88000000,66265.73000000,63636.15000000,65616.11000000,372.85584733
2024-03-27,64592.34000000,66339.18000000,63188.14000000,64187.14000000,723.56355016
2024-03-26,64440.88000000,65971.86000000,63893.68000000,64578.78000000,462.38197499
2024-03-25,62194.73000000,65689.95000000,61391.43000000,64434.81000000,786.75081788
2024-03-24,59269.04000000,62558.63000000,59058.70000000,62197.99000000,354.37775492
2024-03-23,59121.32000000,61146.40000000,58377.10000000,59270.27000000,308.58241208
2024-03-22,60314.15000000,61527.63000000,57723.98000000,59092.76000000,778.44754940
2024-03-21,62098.75000000,62450.49000000,59452.00000000,60311.85000000,792.84807062
2024-03-20,57002.05000000,62418.00000000,55904.42000000,62104.86000000,1320.89865175
2024-03-19,62150.25000000,62630.24000000,56617.26000000,56992.73000000,1643.82438685
2024-03-18,62809.05000000,63323.33000000,61175.19000000,62167.44000000,686.58471196
2024-03-17,59904.58000000,63275.93000000,59147.18000000,62799.62000000,848.16305427
2024-03-16,63883.90000000,64377.91000000,59470.50000000,59904.06000000,703.58792108
2024-03-15,65632.21000000,66573.90000000,60178.01000000,63873.31000000,1580.24010395
2024-03-14,66773.00000000,67467.86000000,62942.02000000,65631.65000000,1111.71424647
2024-03-13,65411.00000000,67437.05000000,65279.06000000,66772.14000000,703.39502589
2024-03-12,65704.92000000,66943.61000000,62952.84000000,65424.91000000,1000.88978827
2024-03-11,63085.63000000,66498.88000000,61332.21000000,65689.34000000,1005.81234192
2024-03-10,62549.27000000,63945.01000000,62334.78000000,63064.25000000,414.00852885
2024-03-09,62414.69000000,62799.99000000,62168.35000000,62553.18000000,217.19679871
2024-03-08,61043.74000000,64012.00000000,60410.00000000,62408.25000000,764.59105869
2024-03-07,60635.54000000,62320.76000000,60133.38000000,61027.58000000,594.19610322
2024-03-06,58825.04000000,62297.53000000,57910.32000000,60629.09000000,823.94642282
2024-03-05,62779.25000000,63600.00000000,48500.00000000,58821.41000000,2198.24205859
2024-03-04,58226.26000000,62960.00000000,57439.00000000,62779.25000000,1449.33430287
2024-03-03,57224.17000000,58328.78000000,56628.55000000,58227.89000000,309.28890918
2024-03-02,57565.56000000,57627.13000000,56837.19000000,57211.22000000,261.24992375
2024-03-01,56509.14000000,58300.00000000,56106.21000000,57572.75000000,649.14989943
2024-02-29,57472.17000000,58640.40000000,55753.70000000,56477.23000000,1065.49802200
2024-02-28,52600.59000000,59097.20000000,52309.80000000,57460.80000000,1487.12728374
2024-02-27,49978.02000000,53063.37000000,49978.02000000,52587.36000000,853.57840760
